scene,seed,branch,video,partition,threshold,auroc,ap,f1,tpr,fpr,frames,positive_frames,events,detected_events,event_coverage,delay_sum,mean_detected_event_delay_frames
R01,42,S,01,final,4.730921391293652,0.5798868435731931,0.619242560844508,0.0,0.0,0.011235955056179775,230,141,1,0,0.0,0,
R01,42,S,02,final,4.730921391293652,0.5403467008484405,0.5751787138022142,0.11851851851851852,0.06299212598425197,0.0,256,127,1,1,1.0,77,77.0
R01,42,S,03,final,4.730921391293652,0.37062065660196497,0.3864638670098498,0.009900990099009901,0.005128205128205128,0.028037383177570093,409,195,1,1,1.0,11,11.0
R01,42,S,05,final,4.730921391293652,0.32161286780851994,0.2330843626780112,0.0,0.0,0.03535353535353535,290,92,1,0,0.0,0,
R01,42,S,08,final,4.730921391293652,0.3448579331154137,0.7447305857532641,0.01015228426395939,0.005154639175257732,0.04878048780487805,235,194,1,1,1.0,193,193.0
R01,42,S,10,final,4.730921391293652,,,0.0,,0.047619047619047616,231,0,0,0,,0,
R01,42,S,12,final,4.730921391293652,,,0.0,,0.06926406926406926,231,0,0,0,,0,
R01,42,S,13,final,4.730921391293652,,,0.0,,0.034934497816593885,229,0,0,0,,0,
R01,42,S,15,final,4.730921391293652,,,0.0,,0.0,228,0,0,0,,0,
R01,42,S+C,01,final,4.730921391293652,0.5798868435731931,0.619242560844508,0.0,0.0,0.011235955056179775,230,141,1,0,0.0,0,
R01,42,S+C,02,final,4.730921391293652,0.5422083867423549,0.5757104995651681,0.11851851851851852,0.06299212598425197,0.0,256,127,1,1,1.0,77,77.0
R01,42,S+C,03,final,4.730921391293652,0.37062065660196497,0.3864638670098498,0.009900990099009901,0.005128205128205128,0.028037383177570093,409,195,1,1,1.0,11,11.0
R01,42,S+C,05,final,4.730921391293652,0.3201581027667984,0.23188794968800047,0.0,0.0,0.03535353535353535,290,92,1,0,0.0,0,
R01,42,S+C,08,final,4.730921391293652,0.34510937892884086,0.7447637859578364,0.01015228426395939,0.005154639175257732,0.04878048780487805,235,194,1,1,1.0,193,193.0
R01,42,S+C,10,final,4.730921391293652,,,0.0,,0.047619047619047616,231,0,0,0,,0,
R01,42,S+C,12,final,4.730921391293652,,,0.0,,0.06926406926406926,231,0,0,0,,0,
R01,42,S+C,13,final,4.730921391293652,,,0.0,,0.034934497816593885,229,0,0,0,,0,
R01,42,S+C,15,final,4.730921391293652,,,0.0,,0.0,228,0,0,0,,0,
R01,42,S+P,01,final,5.0875963352323845,0.46493744521475816,0.5792305988588972,0.08484848484848485,0.04964539007092199,0.19101123595505617,230,141,1,1,1.0,11,11.0
R01,42,S+P,02,final,5.0875963352323845,0.419703351034609,0.45984530076956376,0.07042253521126761,0.03937007874015748,0.07751937984496124,256,127,1,1,1.0,79,79.0
R01,42,S+P,03,final,5.0875963352323845,0.6849748382458661,0.5986391392415797,0.00975609756097561,0.005128205128205128,0.04205607476635514,409,195,1,1,1.0,11,11.0
R01,42,S+P,05,final,5.0875963352323845,0.2740447957839262,0.22619822222437264,0.0,0.0,0.09090909090909091,290,92,1,0,0.0,0,
R01,42,S+P,08,final,5.0875963352323845,0.2186949962283128,0.7063643703363731,0.03015075376884422,0.015463917525773196,0.04878048780487805,235,194,1,1,1.0,0,0.0
R01,42,S+P,10,final,5.0875963352323845,,,0.0,,0.09523809523809523,231,0,0,0,,0,
R01,42,S+P,12,final,5.0875963352323845,,,0.0,,0.10822510822510822,231,0,0,0,,0,
R01,42,S+P,13,final,5.0875963352323845,,,0.0,,0.05240174672489083,229,0,0,0,,0,
R01,42,S+P,15,final,5.0875963352323845,,,0.0,,0.03070175438596491,228,0,0,0,,0,
R01,42,S+C+P,01,final,5.0875963352323845,0.46493744521475816,0.5792305988588972,0.08484848484848485,0.04964539007092199,0.19101123595505617,230,141,1,1,1.0,11,11.0
R01,42,S+C+P,02,final,5.0875963352323845,0.419703351034609,0.45984530076956376,0.07042253521126761,0.03937007874015748,0.07751937984496124,256,127,1,1,1.0,79,79.0
R01,42,S+C+P,03,final,5.0875963352323845,0.6849748382458661,0.5986391392415797,0.00975609756097561,0.005128205128205128,0.04205607476635514,409,195,1,1,1.0,11,11.0
R01,42,S+C+P,05,final,5.0875963352323845,0.2740447957839262,0.22619822222437264,0.0,0.0,0.09090909090909091,290,92,1,0,0.0,0,
R01,42,S+C+P,08,final,5.0875963352323845,0.2186949962283128,0.7063643703363731,0.03015075376884422,0.015463917525773196,0.04878048780487805,235,194,1,1,1.0,0,0.0
R01,42,S+C+P,10,final,5.0875963352323845,,,0.0,,0.09523809523809523,231,0,0,0,,0,
R01,42,S+C+P,12,final,5.0875963352323845,,,0.0,,0.10822510822510822,231,0,0,0,,0,
R01,42,S+C+P,13,final,5.0875963352323845,,,0.0,,0.05240174672489083,229,0,0,0,,0,
R01,42,S+C+P,15,final,5.0875963352323845,,,0.0,,0.03070175438596491,228,0,0,0,,0,
R01,42,S+C0,01,final,4.730921391293652,0.5798868435731931,0.619242560844508,0.0,0.0,0.011235955056179775,230,141,1,0,0.0,0,
R01,42,S+C0,02,final,4.730921391293652,0.542391503387658,0.5757366373666668,0.11851851851851852,0.06299212598425197,0.0,256,127,1,1,1.0,77,77.0
R01,42,S+C0,03,final,4.730921391293652,0.37062065660196497,0.3864638670098498,0.009900990099009901,0.005128205128205128,0.028037383177570093,409,195,1,1,1.0,11,11.0
R01,42,S+C0,05,final,4.730921391293652,0.3172211242863417,0.23117555780019203,0.0,0.0,0.03535353535353535,290,92,1,0,0.0,0,
R01,42,S+C0,08,final,4.730921391293652,0.34510937892884086,0.7447637471488294,0.01015228426395939,0.005154639175257732,0.04878048780487805,235,194,1,1,1.0,193,193.0
R01,42,S+C0,10,final,4.730921391293652,,,0.0,,0.047619047619047616,231,0,0,0,,0,
R01,42,S+C0,12,final,4.730921391293652,,,0.0,,0.06926406926406926,231,0,0,0,,0,
R01,42,S+C0,13,final,4.730921391293652,,,0.0,,0.034934497816593885,229,0,0,0,,0,
R01,42,S+C0,15,final,4.730921391293652,,,0.0,,0.0,228,0,0,0,,0,
R01,42,S+C0+P,01,final,5.0875963352323845,0.46493744521475816,0.5792305988588972,0.08484848484848485,0.04964539007092199,0.19101123595505617,230,141,1,1,1.0,11,11.0
R01,42,S+C0+P,02,final,5.0875963352323845,0.419703351034609,0.45984530076956376,0.07042253521126761,0.03937007874015748,0.07751937984496124,256,127,1,1,1.0,79,79.0
R01,42,S+C0+P,03,final,5.0875963352323845,0.6849748382458661,0.5986391392415797,0.00975609756097561,0.005128205128205128,0.04205607476635514,409,195,1,1,1.0,11,11.0
R01,42,S+C0+P,05,final,5.0875963352323845,0.2740447957839262,0.22619822222437264,0.0,0.0,0.09090909090909091,290,92,1,0,0.0,0,
R01,42,S+C0+P,08,final,5.0875963352323845,0.2186949962283128,0.7063643703363731,0.03015075376884422,0.015463917525773196,0.04878048780487805,235,194,1,1,1.0,0,0.0
R01,42,S+C0+P,10,final,5.0875963352323845,,,0.0,,0.09523809523809523,231,0,0,0,,0,
R01,42,S+C0+P,12,final,5.0875963352323845,,,0.0,,0.10822510822510822,231,0,0,0,,0,
R01,42,S+C0+P,13,final,5.0875963352323845,,,0.0,,0.05240174672489083,229,0,0,0,,0,
R01,42,S+C0+P,15,final,5.0875963352323845,,,0.0,,0.03070175438596491,228,0,0,0,,0,
R01,42,C,01,final,0.6072443724767204,0.5536696151087737,0.6715165219137087,0.7554347826086957,0.9858156028368794,0.9887640449438202,230,141,1,1,1.0,0,0.0
R01,42,C,02,final,0.6072443724767204,0.8757248367209912,0.8957138045462174,0.6701846965699209,1.0,0.9689922480620154,256,127,1,1,1.0,0,0.0
R01,42,C,03,final,0.6072443724767204,0.6167505391804458,0.5476204461941756,0.6510851419031719,1.0,0.9766355140186916,409,195,1,1,1.0,0,0.0
R01,42,C,05,final,0.6072443724767204,0.7931488801054019,0.6457731486848298,0.4816753926701571,1.0,1.0,290,92,1,1,1.0,0,0.0
R01,42,C,08,final,0.6072443724767204,0.39225546894644203,0.7769449667460708,0.9018691588785047,0.9948453608247423,1.0,235,194,1,1,1.0,0,0.0
R01,42,C,10,final,0.6072443724767204,,,0.0,,0.974025974025974,231,0,0,0,,0,
R01,42,C,12,final,0.6072443724767204,,,0.0,,0.09523809523809523,231,0,0,0,,0,
R01,42,C,13,final,0.6072443724767204,,,0.0,,0.07423580786026202,229,0,0,0,,0,
R01,42,C,15,final,0.6072443724767204,,,0.0,,0.02631578947368421,228,0,0,0,,0,
R01,42,P,01,final,4.836281906951478,0.4799984062475098,0.5874289843320701,0.09411764705882353,0.05673758865248227,0.23595505617977527,230,141,1,1,1.0,11,11.0
R01,42,P,02,final,4.836281906951478,0.3787157419276078,0.4308459646586047,0.09395973154362416,0.05511811023622047,0.11627906976744186,256,127,1,1,1.0,86,86.0
R01,42,P,03,final,4.836281906951478,0.7204289479990414,0.626036247936564,0.019230769230769232,0.010256410256410256,0.0514018691588785,409,195,1,1,1.0,2,2.0
R01,42,P,05,final,4.836281906951478,0.309864953886693,0.23579214830406733,0.0,0.0,0.13636363636363635,290,92,1,0,0.0,0,
R01,42,P,08,final,4.836281906951478,0.34925823485038976,0.7490466701921437,0.03940886699507389,0.020618556701030927,0.12195121951219512,235,194,1,1,1.0,0,0.0
R01,42,P,10,final,4.836281906951478,,,0.0,,0.11255411255411256,231,0,0,0,,0,
R01,42,P,12,final,4.836281906951478,,,0.0,,0.12121212121212122,231,0,0,0,,0,
R01,42,P,13,final,4.836281906951478,,,0.0,,0.043668122270742356,229,0,0,0,,0,
R01,42,P,15,final,4.836281906951478,,,0.0,,0.05263157894736842,228,0,0,0,,0,
R01,42,S+C_no_conf,01,final,4.730921391293652,0.5163758068371982,0.5819536827042339,0.7601078167115903,1.0,1.0,230,141,1,1,1.0,0,0.0
R01,42,S+C_no_conf,02,final,4.730921391293652,0.8912897515717512,0.8810177160120911,0.6631853785900783,1.0,1.0,256,127,1,1,1.0,0,0.0
R01,42,S+C_no_conf,03,final,4.730921391293652,0.6470404984423677,0.5294363420403496,0.6456953642384106,1.0,1.0,409,195,1,1,1.0,0,0.0
R01,42,S+C_no_conf,05,final,4.730921391293652,0.851943346508564,0.7126509493988138,0.4816753926701571,1.0,1.0,290,92,1,1,1.0,0,0.0
R01,42,S+C_no_conf,08,final,4.730921391293652,0.34058335428715114,0.7257250063840323,0.9044289044289044,1.0,1.0,235,194,1,1,1.0,0,0.0
R01,42,S+C_no_conf,10,final,4.730921391293652,,,0.0,,1.0,231,0,0,0,,0,
R01,42,S+C_no_conf,12,final,4.730921391293652,,,0.0,,0.2987012987012987,231,0,0,0,,0,
R01,42,S+C_no_conf,13,final,4.730921391293652,,,0.0,,0.056768558951965066,229,0,0,0,,0,
R01,42,S+C_no_conf,15,final,4.730921391293652,,,0.0,,0.0,228,0,0,0,,0,
R01,42,S+alignment,01,final,4.730921391293652,0.5910829548171168,0.7036747935119528,0.041379310344827586,0.02127659574468085,0.011235955056179775,230,141,1,1,1.0,11,11.0
R01,42,S+alignment,02,final,4.730921391293652,0.49124092046633705,0.5813564910405755,0.19858156028368795,0.11023622047244094,0.0,256,127,1,1,1.0,77,77.0
R01,42,S+alignment,03,final,4.730921391293652,0.7077881619937696,0.6235333616835124,0.06451612903225806,0.035897435897435895,0.07009345794392523,409,195,1,1,1.0,1,1.0
R01,42,S+alignment,05,final,4.730921391293652,0.4231993851559069,0.27494462492519994,0.0,0.0,0.03535353535353535,290,92,1,0,0.0,0,
R01,42,S+alignment,08,final,4.730921391293652,0.3349886849383958,0.7413211278424949,0.01015228426395939,0.005154639175257732,0.04878048780487805,235,194,1,1,1.0,193,193.0
R01,42,S+alignment,10,final,4.730921391293652,,,0.0,,0.08658008658008658,231,0,0,0,,0,
R01,42,S+alignment,12,final,4.730921391293652,,,0.0,,0.11688311688311688,231,0,0,0,,0,
R01,42,S+alignment,13,final,4.730921391293652,,,0.0,,0.034934497816593885,229,0,0,0,,0,
R01,42,S+alignment,15,final,4.730921391293652,,,0.0,,0.0,228,0,0,0,,0,
R01,42,S+innovation,01,final,4.954064942607862,0.4918320184875289,0.5635150464565561,0.0,0.0,0.10112359550561797,230,141,1,0,0.0,0,
R01,42,S+innovation,02,final,4.954064942607862,0.47112860892388453,0.4715909012021857,0.07092198581560284,0.03937007874015748,0.06976744186046512,256,127,1,1,1.0,77,77.0
R01,42,S+innovation,03,final,4.954064942607862,0.33339324227174694,0.3725386579065207,0.00980392156862745,0.005128205128205128,0.037383177570093455,409,195,1,1,1.0,11,11.0
R01,42,S+innovation,05,final,4.954064942607862,0.2987758014931928,0.2283763320751282,0.0,0.0,0.08080808080808081,290,92,1,0,0.0,0,
R01,42,S+innovation,08,final,4.954064942607862,0.22806135277847625,0.6989400918834558,0.0,0.0,0.07317073170731707,235,194,1,0,0.0,0,
R01,42,S+innovation,10,final,4.954064942607862,,,0.0,,0.03896103896103896,231,0,0,0,,0,
R01,42,S+innovation,12,final,4.954064942607862,,,0.0,,0.0735930735930736,231,0,0,0,,0,
R01,42,S+innovation,13,final,4.954064942607862,,,0.0,,0.034934497816593885,229,0,0,0,,0,
R01,42,S+innovation,15,final,4.954064942607862,,,0.0,,0.013157894736842105,228,0,0,0,,0,
R01,42,S+progress,01,final,4.836281906951478,0.32771535580524347,0.5032993611723471,0.0625,0.03546099290780142,0.15730337078651685,230,141,1,1,1.0,18,18.0
R01,42,S+progress,02,final,4.836281906951478,0.4671000427272173,0.4796448559507183,0.1,0.05511811023622047,0.046511627906976744,256,127,1,1,1.0,77,77.0
R01,42,S+progress,03,final,4.836281906951478,0.6234483584950876,0.5497980633185304,0.01,0.005128205128205128,0.018691588785046728,409,195,1,1,1.0,11,11.0
R01,42,S+progress,05,final,4.836281906951478,0.2447848045674133,0.21410089284737416,0.0,0.0,0.10101010101010101,290,92,1,0,0.0,0,
R01,42,S+progress,08,final,4.836281906951478,0.3627734473221021,0.7617792860989909,0.04,0.020618556701030927,0.04878048780487805,235,194,1,1,1.0,0,0.0
R01,42,S+progress,10,final,4.836281906951478,,,0.0,,0.08658008658008658,231,0,0,0,,0,
R01,42,S+progress,12,final,4.836281906951478,,,0.0,,0.06926406926406926,231,0,0,0,,0,
R01,42,S+progress,13,final,4.836281906951478,,,0.0,,0.06986899563318777,229,0,0,0,,0,
R01,42,S+progress,15,final,4.836281906951478,,,0.0,,0.03070175438596491,228,0,0,0,,0,
R01,43,S,01,final,4.730921391293652,0.5798868435731931,0.619242560844508,0.0,0.0,0.011235955056179775,230,141,1,0,0.0,0,
R01,43,S,02,final,4.730921391293652,0.5403467008484405,0.5751787138022142,0.11851851851851852,0.06299212598425197,0.0,256,127,1,1,1.0,77,77.0
R01,43,S,03,final,4.730921391293652,0.37062065660196497,0.3864638670098498,0.009900990099009901,0.005128205128205128,0.028037383177570093,409,195,1,1,1.0,11,11.0
R01,43,S,05,final,4.730921391293652,0.32161286780851994,0.2330843626780112,0.0,0.0,0.03535353535353535,290,92,1,0,0.0,0,
R01,43,S,08,final,4.730921391293652,0.3448579331154137,0.7447305857532641,0.01015228426395939,0.005154639175257732,0.04878048780487805,235,194,1,1,1.0,193,193.0
R01,43,S,10,final,4.730921391293652,,,0.0,,0.047619047619047616,231,0,0,0,,0,
R01,43,S,12,final,4.730921391293652,,,0.0,,0.06926406926406926,231,0,0,0,,0,
R01,43,S,13,final,4.730921391293652,,,0.0,,0.034934497816593885,229,0,0,0,,0,
R01,43,S,15,final,4.730921391293652,,,0.0,,0.0,228,0,0,0,,0,
R01,43,S+C,01,final,4.730921391293652,0.5798868435731931,0.619242560844508,0.0,0.0,0.011235955056179775,230,141,1,0,0.0,0,
R01,43,S+C,02,final,4.730921391293652,0.5415979979246781,0.5755173216983969,0.11851851851851852,0.06299212598425197,0.0,256,127,1,1,1.0,77,77.0
R01,43,S+C,03,final,4.730921391293652,0.37062065660196497,0.3864638670098498,0.009900990099009901,0.005128205128205128,0.028037383177570093,409,195,1,1,1.0,11,11.0
R01,43,S+C,05,final,4.730921391293652,0.31650746596398766,0.23074632496071276,0.0,0.0,0.03535353535353535,290,92,1,0,0.0,0,
R01,43,S+C,08,final,4.730921391293652,0.34510937892884086,0.7447637859578364,0.01015228426395939,0.005154639175257732,0.04878048780487805,235,194,1,1,1.0,193,193.0
R01,43,S+C,10,final,4.730921391293652,,,0.0,,0.047619047619047616,231,0,0,0,,0,
R01,43,S+C,12,final,4.730921391293652,,,0.0,,0.06926406926406926,231,0,0,0,,0,
R01,43,S+C,13,final,4.730921391293652,,,0.0,,0.034934497816593885,229,0,0,0,,0,
R01,43,S+C,15,final,4.730921391293652,,,0.0,,0.0,228,0,0,0,,0,
R01,43,S+P,01,final,5.241747015059643,0.39907562355566184,0.5434244559886229,0.050955414012738856,0.028368794326241134,0.1348314606741573,230,141,1,1,1.0,20,20.0
R01,43,S+P,02,final,5.241747015059643,0.3969358481352622,0.4474881285596701,0.02877697841726619,0.015748031496062992,0.07751937984496124,256,127,1,1,1.0,85,85.0
R01,43,S+P,03,final,5.241747015059643,0.7089144500359454,0.625873667757315,0.01,0.005128205128205128,0.018691588785046728,409,195,1,1,1.0,11,11.0
R01,43,S+P,05,final,5.241747015059643,0.27313899868247693,0.22104189401443522,0.0,0.0,0.08585858585858586,290,92,1,0,0.0,0,
R01,43,S+P,08,final,5.241747015059643,0.22196379180286646,0.7096691642747894,0.030303030303030304,0.015463917525773196,0.024390243902439025,235,194,1,1,1.0,0,0.0
R01,43,S+P,10,final,5.241747015059643,,,0.0,,0.05194805194805195,231,0,0,0,,0,
R01,43,S+P,12,final,5.241747015059643,,,0.0,,0.1038961038961039,231,0,0,0,,0,
R01,43,S+P,13,final,5.241747015059643,,,0.0,,0.05240174672489083,229,0,0,0,,0,
R01,43,S+P,15,final,5.241747015059643,,,0.0,,0.0043859649122807015,228,0,0,0,,0,
R01,43,S+C+P,01,final,5.241747015059643,0.39907562355566184,0.5434244559886229,0.050955414012738856,0.028368794326241134,0.1348314606741573,230,141,1,1,1.0,20,20.0
R01,43,S+C+P,02,final,5.241747015059643,0.3969358481352622,0.4474881285596701,0.02877697841726619,0.015748031496062992,0.07751937984496124,256,127,1,1,1.0,85,85.0
R01,43,S+C+P,03,final,5.241747015059643,0.7089144500359454,0.625873667757315,0.01,0.005128205128205128,0.018691588785046728,409,195,1,1,1.0,11,11.0
R01,43,S+C+P,05,final,5.241747015059643,0.27313899868247693,0.22104189401443522,0.0,0.0,0.08585858585858586,290,92,1,0,0.0,0,
R01,43,S+C+P,08,final,5.241747015059643,0.22196379180286646,0.7096691642747894,0.030303030303030304,0.015463917525773196,0.024390243902439025,235,194,1,1,1.0,0,0.0
R01,43,S+C+P,10,final,5.241747015059643,,,0.0,,0.05194805194805195,231,0,0,0,,0,
R01,43,S+C+P,12,final,5.241747015059643,,,0.0,,0.1038961038961039,231,0,0,0,,0,
R01,43,S+C+P,13,final,5.241747015059643,,,0.0,,0.05240174672489083,229,0,0,0,,0,
R01,43,S+C+P,15,final,5.241747015059643,,,0.0,,0.0043859649122807015,228,0,0,0,,0,
R01,43,S+C0,01,final,4.730921391293652,0.5798868435731931,0.619242560844508,0.0,0.0,0.011235955056179775,230,141,1,0,0.0,0,
R01,43,S+C0,02,final,4.730921391293652,0.5415369590429104,0.5754961831407757,0.11851851851851852,0.06299212598425197,0.0,256,127,1,1,1.0,77,77.0
R01,43,S+C0,03,final,4.730921391293652,0.37062065660196497,0.3864638670098498,0.009900990099009901,0.005128205128205128,0.028037383177570093,409,195,1,1,1.0,11,11.0
R01,43,S+C0,05,final,4.730921391293652,0.31167654808959155,0.22953169488913547,0.0,0.0,0.03535353535353535,290,92,1,0,0.0,0,
R01,43,S+C0,08,final,4.730921391293652,0.34510937892884086,0.7447637859578364,0.01015228426395939,0.005154639175257732,0.04878048780487805,235,194,1,1,1.0,193,193.0
R01,43,S+C0,10,final,4.730921391293652,,,0.0,,0.047619047619047616,231,0,0,0,,0,
R01,43,S+C0,12,final,4.730921391293652,,,0.0,,0.06926406926406926,231,0,0,0,,0,
R01,43,S+C0,13,final,4.730921391293652,,,0.0,,0.034934497816593885,229,0,0,0,,0,
R01,43,S+C0,15,final,4.730921391293652,,,0.0,,0.0,228,0,0,0,,0,
R01,43,S+C0+P,01,final,5.241747015059643,0.39907562355566184,0.5434244559886229,0.050955414012738856,0.028368794326241134,0.1348314606741573,230,141,1,1,1.0,20,20.0
R01,43,S+C0+P,02,final,5.241747015059643,0.3969358481352622,0.4474881285596701,0.02877697841726619,0.015748031496062992,0.07751937984496124,256,127,1,1,1.0,85,85.0
R01,43,S+C0+P,03,final,5.241747015059643,0.7089144500359454,0.625873667757315,0.01,0.005128205128205128,0.018691588785046728,409,195,1,1,1.0,11,11.0
R01,43,S+C0+P,05,final,5.241747015059643,0.27313899868247693,0.22104189401443522,0.0,0.0,0.08585858585858586,290,92,1,0,0.0,0,
R01,43,S+C0+P,08,final,5.241747015059643,0.22196379180286646,0.7096691642747894,0.030303030303030304,0.015463917525773196,0.024390243902439025,235,194,1,1,1.0,0,0.0
R01,43,S+C0+P,10,final,5.241747015059643,,,0.0,,0.05194805194805195,231,0,0,0,,0,
R01,43,S+C0+P,12,final,5.241747015059643,,,0.0,,0.1038961038961039,231,0,0,0,,0,
R01,43,S+C0+P,13,final,5.241747015059643,,,0.0,,0.05240174672489083,229,0,0,0,,0,
R01,43,S+C0+P,15,final,5.241747015059643,,,0.0,,0.0043859649122807015,228,0,0,0,,0,
R01,43,C,01,final,0.5765318201185037,0.5910431110048611,0.6638597159903579,0.7608695652173914,0.9929078014184397,0.9775280898876404,230,141,1,1,1.0,0,0.0
R01,43,C,02,final,0.5765318201185037,0.920100103766099,0.9269507569204068,0.675531914893617,1.0,0.9457364341085271,256,127,1,1,1.0,0,0.0
R01,43,C,03,final,0.5765318201185037,0.6043374071411454,0.531970225946842,0.65,1.0,0.9813084112149533,409,195,1,1,1.0,0,0.0
R01,43,C,05,final,0.5765318201185037,0.8000658761528326,0.6389848881932864,0.48293963254593175,1.0,0.9949494949494949,290,92,1,1,1.0,0,0.0
R01,43,C,08,final,0.5765318201185037,0.4187830022630123,0.808121886990518,0.9018691588785047,0.9948453608247423,1.0,235,194,1,1,1.0,0,0.0
R01,43,C,10,final,0.5765318201185037,,,0.0,,0.9826839826839827,231,0,0,0,,0,
R01,43,C,12,final,0.5765318201185037,,,0.0,,0.12987012987012986,231,0,0,0,,0,
R01,43,C,13,final,0.5765318201185037,,,0.0,,0.10480349344978165,229,0,0,0,,0,
R01,43,C,15,final,0.5765318201185037,,,0.0,,0.043859649122807015,228,0,0,0,,0,
R01,43,P,01,final,4.954064942607862,0.4102717347995856,0.5493466133885212,0.07453416149068323,0.0425531914893617,0.15730337078651685,230,141,1,1,1.0,11,11.0
R01,43,P,02,final,4.954064942607862,0.3556125251785387,0.41840755182725153,0.027972027972027972,0.015748031496062992,0.10852713178294573,256,127,1,1,1.0,102,102.0
R01,43,P,03,final,4.954064942607862,0.7439731607955906,0.6585616857386202,0.0,0.0,0.03271028037383177,409,195,1,0,0.0,0,
R01,43,P,05,final,4.954064942607862,0.30132850241545894,0.22832949984892142,0.0,0.0,0.12121212121212122,290,92,1,0,0.0,0,
R01,43,P,08,final,4.954064942607862,0.36170480261503646,0.7543198527998043,0.030303030303030304,0.015463917525773196,0.024390243902439025,235,194,1,1,1.0,0,0.0
R01,43,P,10,final,4.954064942607862,,,0.0,,0.06493506493506493,231,0,0,0,,0,
R01,43,P,12,final,4.954064942607862,,,0.0,,0.11688311688311688,231,0,0,0,,0,
R01,43,P,13,final,4.954064942607862,,,0.0,,0.039301310043668124,229,0,0,0,,0,
R01,43,P,15,final,4.954064942607862,,,0.0,,0.03070175438596491,228,0,0,0,,0,
R01,43,S+C_no_conf,01,final,4.730921391293652,0.5080882938879592,0.5749405951326263,0.7601078167115903,1.0,1.0,230,141,1,1,1.0,0,0.0
R01,43,S+C_no_conf,02,final,4.730921391293652,0.8834767747054874,0.8704849879048548,0.6631853785900783,1.0,1.0,256,127,1,1,1.0,0,0.0
R01,43,S+C_no_conf,03,final,4.730921391293652,0.6885454109753175,0.5793161228202924,0.6456953642384106,1.0,1.0,409,195,1,1,1.0,0,0.0
R01,43,S+C_no_conf,05,final,4.730921391293652,0.8412933684672814,0.7050928194807815,0.4816753926701571,1.0,1.0,290,92,1,1,1.0,0,0.0
R01,43,S+C_no_conf,08,final,4.730921391293652,0.3439778727684184,0.7254911584778646,0.9044289044289044,1.0,1.0,235,194,1,1,1.0,0,0.0
R01,43,S+C_no_conf,10,final,4.730921391293652,,,0.0,,1.0,231,0,0,0,,0,
R01,43,S+C_no_conf,12,final,4.730921391293652,,,0.0,,0.31601731601731603,231,0,0,0,,0,
R01,43,S+C_no_conf,13,final,4.730921391293652,,,0.0,,0.056768558951965066,229,0,0,0,,0,
R01,43,S+C_no_conf,15,final,4.730921391293652,,,0.0,,0.0043859649122807015,228,0,0,0,,0,
R01,43,S+alignment,01,final,4.730921391293652,0.49135389274045743,0.6269068430197862,0.041379310344827586,0.02127659574468085,0.011235955056179775,230,141,1,1,1.0,11,11.0
R01,43,S+alignment,02,final,4.730921391293652,0.45376304706097786,0.5578780622812956,0.17266187050359713,0.09448818897637795,0.0,256,127,1,1,1.0,77,77.0
R01,43,S+alignment,03,final,4.730921391293652,0.7301341960220467,0.648977671892342,0.03773584905660377,0.020512820512820513,0.06074766355140187,409,195,1,1,1.0,11,11.0
R01,43,S+alignment,05,final,4.730921391293652,0.39459815546772065,0.2597892590759961,0.0,0.0,0.03535353535353535,290,92,1,0,0.0,0,
R01,43,S+alignment,08,final,4.730921391293652,0.3249937138546643,0.7387128307212063,0.01015228426395939,0.005154639175257732,0.04878048780487805,235,194,1,1,1.0,193,193.0
R01,43,S+alignment,10,final,4.730921391293652,,,0.0,,0.07792207792207792,231,0,0,0,,0,
R01,43,S+alignment,12,final,4.730921391293652,,,0.0,,0.11688311688311688,231,0,0,0,,0,
R01,43,S+alignment,13,final,4.730921391293652,,,0.0,,0.034934497816593885,229,0,0,0,,0,
R01,43,S+alignment,15,final,4.730921391293652,,,0.0,,0.0,228,0,0,0,,0,
R01,43,S+innovation,01,final,4.954064942607862,0.49501952346800543,0.5656274963913223,0.0,0.0,0.0449438202247191,230,141,1,0,0.0,0,
R01,43,S+innovation,02,final,4.954064942607862,0.4745162668619911,0.473149939897093,0.07142857142857142,0.03937007874015748,0.06201550387596899,256,127,1,1,1.0,77,77.0
R01,43,S+innovation,03,final,4.954064942607862,0.347627606038821,0.377130689893084,0.009900990099009901,0.005128205128205128,0.028037383177570093,409,195,1,1,1.0,11,11.0
R01,43,S+innovation,05,final,4.954064942607862,0.31101778656126483,0.23048490738890698,0.0,0.0,0.0707070707070707,290,92,1,0,0.0,0,
R01,43,S+innovation,08,final,4.954064942607862,0.23503897410108118,0.7041723541118132,0.0,0.0,0.024390243902439025,235,194,1,0,0.0,0,
R01,43,S+innovation,10,final,4.954064942607862,,,0.0,,0.03896103896103896,231,0,0,0,,0,
R01,43,S+innovation,12,final,4.954064942607862,,,0.0,,0.0735930735930736,231,0,0,0,,0,
R01,43,S+innovation,13,final,4.954064942607862,,,0.0,,0.034934497816593885,229,0,0,0,,0,
R01,43,S+innovation,15,final,4.954064942607862,,,0.0,,0.013157894736842105,228,0,0,0,,0,
R01,43,S+progress,01,final,4.954064942607862,0.42597019682843246,0.547341605709572,0.050955414012738856,0.028368794326241134,0.1348314606741573,230,141,1,1,1.0,20,20.0
R01,43,S+progress,02,final,4.954064942607862,0.46481108466092896,0.4837790120241117,0.07246376811594203,0.03937007874015748,0.046511627906976744,256,127,1,1,1.0,77,77.0
R01,43,S+progress,03,final,4.954064942607862,0.585597891205368,0.5261430863831458,0.01,0.005128205128205128,0.018691588785046728,409,195,1,1,1.0,11,11.0
R01,43,S+progress,05,final,4.954064942607862,0.29410957400087834,0.22527263450162358,0.0,0.0,0.09595959595959595,290,92,1,0,0.0,0,
R01,43,S+progress,08,final,4.954064942607862,0.3562358561729947,0.7585458756627417,0.030456852791878174,0.015463917525773196,0.0,235,194,1,1,1.0,0,0.0
R01,43,S+progress,10,final,4.954064942607862,,,0.0,,0.05194805194805195,231,0,0,0,,0,
R01,43,S+progress,12,final,4.954064942607862,,,0.0,,0.06493506493506493,231,0,0,0,,0,
R01,43,S+progress,13,final,4.954064942607862,,,0.0,,0.06550218340611354,229,0,0,0,,0,
R01,43,S+progress,15,final,4.954064942607862,,,0.0,,0.017543859649122806,228,0,0,0,,0,
R01,44,S,01,final,4.730921391293652,0.5798868435731931,0.619242560844508,0.0,0.0,0.011235955056179775,230,141,1,0,0.0,0,
R01,44,S,02,final,4.730921391293652,0.5403467008484405,0.5751787138022142,0.11851851851851852,0.06299212598425197,0.0,256,127,1,1,1.0,77,77.0
R01,44,S,03,final,4.730921391293652,0.37062065660196497,0.3864638670098498,0.009900990099009901,0.005128205128205128,0.028037383177570093,409,195,1,1,1.0,11,11.0
R01,44,S,05,final,4.730921391293652,0.32161286780851994,0.2330843626780112,0.0,0.0,0.03535353535353535,290,92,1,0,0.0,0,
R01,44,S,08,final,4.730921391293652,0.3448579331154137,0.7447305857532641,0.01015228426395939,0.005154639175257732,0.04878048780487805,235,194,1,1,1.0,193,193.0
R01,44,S,10,final,4.730921391293652,,,0.0,,0.047619047619047616,231,0,0,0,,0,
R01,44,S,12,final,4.730921391293652,,,0.0,,0.06926406926406926,231,0,0,0,,0,
R01,44,S,13,final,4.730921391293652,,,0.0,,0.034934497816593885,229,0,0,0,,0,
R01,44,S,15,final,4.730921391293652,,,0.0,,0.0,228,0,0,0,,0,
R01,44,S+C,01,final,4.730921391293652,0.5798868435731931,0.619242560844508,0.0,0.0,0.011235955056179775,230,141,1,0,0.0,0,
R01,44,S+C,02,final,4.730921391293652,0.5424830617103096,0.5758094535624568,0.11851851851851852,0.06299212598425197,0.0,256,127,1,1,1.0,77,77.0
R01,44,S+C,03,final,4.730921391293652,0.37062065660196497,0.3864638670098498,0.009900990099009901,0.005128205128205128,0.028037383177570093,409,195,1,1,1.0,11,11.0
R01,44,S+C,05,final,4.730921391293652,0.31680939833113747,0.23066697437540495,0.0,0.0,0.03535353535353535,290,92,1,0,0.0,0,
R01,44,S+C,08,final,4.730921391293652,0.3454865476489816,0.7448232392676362,0.01015228426395939,0.005154639175257732,0.04878048780487805,235,194,1,1,1.0,193,193.0
R01,44,S+C,10,final,4.730921391293652,,,0.0,,0.047619047619047616,231,0,0,0,,0,
R01,44,S+C,12,final,4.730921391293652,,,0.0,,0.06926406926406926,231,0,0,0,,0,
R01,44,S+C,13,final,4.730921391293652,,,0.0,,0.034934497816593885,229,0,0,0,,0,
R01,44,S+C,15,final,4.730921391293652,,,0.0,,0.0,228,0,0,0,,0,
R01,44,S+P,01,final,5.241747015059643,0.45158976810901263,0.5689362041272635,0.05161290322580645,0.028368794326241134,0.11235955056179775,230,141,1,1,1.0,19,19.0
R01,44,S+P,02,final,5.241747015059643,0.4086858328755418,0.47098255769122915,0.029411764705882353,0.015748031496062992,0.05426356589147287,256,127,1,1,1.0,85,85.0
R01,44,S+P,03,final,5.241747015059643,0.7144260723699977,0.6292721271330293,0.010101010101010102,0.005128205128205128,0.009345794392523364,409,195,1,1,1.0,11,11.0
R01,44,S+P,05,final,5.241747015059643,0.27862867808519987,0.22702312417779782,0.0,0.0,0.06565656565656566,290,92,1,0,0.0,0,
R01,44,S+P,08,final,5.241747015059643,0.21762635152124715,0.7043477375360423,0.0,0.0,0.024390243902439025,235,194,1,0,0.0,0,
R01,44,S+P,10,final,5.241747015059643,,,0.0,,0.06060606060606061,231,0,0,0,,0,
R01,44,S+P,12,final,5.241747015059643,,,0.0,,0.1038961038961039,231,0,0,0,,0,
R01,44,S+P,13,final,5.241747015059643,,,0.0,,0.048034934497816595,229,0,0,0,,0,
R01,44,S+P,15,final,5.241747015059643,,,0.0,,0.0043859649122807015,228,0,0,0,,0,
R01,44,S+C+P,01,final,5.241747015059643,0.45158976810901263,0.5689362041272635,0.05161290322580645,0.028368794326241134,0.11235955056179775,230,141,1,1,1.0,19,19.0
R01,44,S+C+P,02,final,5.241747015059643,0.4086858328755418,0.47098255769122915,0.029411764705882353,0.015748031496062992,0.05426356589147287,256,127,1,1,1.0,85,85.0
R01,44,S+C+P,03,final,5.241747015059643,0.7144260723699977,0.6292721271330293,0.010101010101010102,0.005128205128205128,0.009345794392523364,409,195,1,1,1.0,11,11.0
R01,44,S+C+P,05,final,5.241747015059643,0.27862867808519987,0.22702312417779782,0.0,0.0,0.06565656565656566,290,92,1,0,0.0,0,
R01,44,S+C+P,08,final,5.241747015059643,0.21762635152124715,0.7043477375360423,0.0,0.0,0.024390243902439025,235,194,1,0,0.0,0,
R01,44,S+C+P,10,final,5.241747015059643,,,0.0,,0.06060606060606061,231,0,0,0,,0,
R01,44,S+C+P,12,final,5.241747015059643,,,0.0,,0.1038961038961039,231,0,0,0,,0,
R01,44,S+C+P,13,final,5.241747015059643,,,0.0,,0.048034934497816595,229,0,0,0,,0,
R01,44,S+C+P,15,final,5.241747015059643,,,0.0,,0.0043859649122807015,228,0,0,0,,0,
R01,44,S+C0,01,final,4.730921391293652,0.5798868435731931,0.619242560844508,0.0,0.0,0.011235955056179775,230,141,1,0,0.0,0,
R01,44,S+C0,02,final,4.730921391293652,0.5428492950009156,0.5759009229819445,0.11851851851851852,0.06299212598425197,0.0,256,127,1,1,1.0,77,77.0
R01,44,S+C0,03,final,4.730921391293652,0.37059669302659953,0.38645778539457276,0.009900990099009901,0.005128205128205128,0.028037383177570093,409,195,1,1,1.0,11,11.0
R01,44,S+C0,05,final,4.730921391293652,0.31252744839701363,0.22964325010445688,0.0,0.0,0.03535353535353535,290,92,1,0,0.0,0,
R01,44,S+C0,08,final,4.730921391293652,0.3454865476489816,0.7448232392676362,0.01015228426395939,0.005154639175257732,0.04878048780487805,235,194,1,1,1.0,193,193.0
R01,44,S+C0,10,final,4.730921391293652,,,0.0,,0.047619047619047616,231,0,0,0,,0,
R01,44,S+C0,12,final,4.730921391293652,,,0.0,,0.06926406926406926,231,0,0,0,,0,
R01,44,S+C0,13,final,4.730921391293652,,,0.0,,0.034934497816593885,229,0,0,0,,0,
R01,44,S+C0,15,final,4.730921391293652,,,0.0,,0.0,228,0,0,0,,0,
R01,44,S+C0+P,01,final,5.241747015059643,0.45158976810901263,0.5689362041272635,0.05161290322580645,0.028368794326241134,0.11235955056179775,230,141,1,1,1.0,19,19.0
R01,44,S+C0+P,02,final,5.241747015059643,0.4086858328755418,0.47098255769122915,0.029411764705882353,0.015748031496062992,0.05426356589147287,256,127,1,1,1.0,85,85.0
R01,44,S+C0+P,03,final,5.241747015059643,0.7144260723699977,0.6292721271330293,0.010101010101010102,0.005128205128205128,0.009345794392523364,409,195,1,1,1.0,11,11.0
R01,44,S+C0+P,05,final,5.241747015059643,0.27862867808519987,0.22702312417779782,0.0,0.0,0.06565656565656566,290,92,1,0,0.0,0,
R01,44,S+C0+P,08,final,5.241747015059643,0.21762635152124715,0.7043477375360423,0.0,0.0,0.024390243902439025,235,194,1,0,0.0,0,
R01,44,S+C0+P,10,final,5.241747015059643,,,0.0,,0.06060606060606061,231,0,0,0,,0,
R01,44,S+C0+P,12,final,5.241747015059643,,,0.0,,0.1038961038961039,231,0,0,0,,0,
R01,44,S+C0+P,13,final,5.241747015059643,,,0.0,,0.048034934497816595,229,0,0,0,,0,
R01,44,S+C0+P,15,final,5.241747015059643,,,0.0,,0.0043859649122807015,228,0,0,0,,0,
R01,44,C,01,final,0.6019613891133062,0.5640290062953224,0.6415197078299055,0.7582417582417582,0.9787234042553191,0.9550561797752809,230,141,1,1,1.0,0,0.0
R01,44,C,02,final,0.6019613891133062,0.9072819385948849,0.9191995020110719,0.6737400530503979,1.0,0.9534883720930233,256,127,1,1,1.0,0,0.0
R01,44,C,03,final,0.6019613891133062,0.6058950395398993,0.5273472426296071,0.65,1.0,0.9813084112149533,409,195,1,1,1.0,0,0.0
R01,44,C,05,final,0.6019613891133062,0.7890865173473869,0.6339253583556907,0.48293963254593175,1.0,0.9949494949494949,290,92,1,1,1.0,0,0.0
R01,44,C,08,final,0.6019613891133062,0.3982901684686949,0.786859666184756,0.9018691588785047,0.9948453608247423,1.0,235,194,1,1,1.0,0,0.0
R01,44,C,10,final,0.6019613891133062,,,0.0,,0.9826839826839827,231,0,0,0,,0,
R01,44,C,12,final,0.6019613891133062,,,0.0,,0.11688311688311688,231,0,0,0,,0,
R01,44,C,13,final,0.6019613891133062,,,0.0,,0.09170305676855896,229,0,0,0,,0,
R01,44,C,15,final,0.6019613891133062,,,0.0,,0.03070175438596491,228,0,0,0,,0,
R01,44,P,01,final,4.635611211489327,0.4654952585863415,0.5767029881389021,0.26737967914438504,0.1773049645390071,0.23595505617977527,230,141,1,1,1.0,6,6.0
R01,44,P,02,final,4.635611211489327,0.35820667765366543,0.4335073103657599,0.21951219512195122,0.14173228346456693,0.14728682170542637,256,127,1,1,1.0,0,0.0
R01,44,P,03,final,4.635611211489327,0.748705966930266,0.6623522495939472,0.35019455252918286,0.23076923076923078,0.0794392523364486,409,195,1,1,1.0,0,0.0
R01,44,P,05,final,4.635611211489327,0.3052810715854194,0.23422033840712497,0.03305785123966942,0.021739130434782608,0.13636363636363635,290,92,1,1,1.0,19,19.0
R01,44,P,08,final,4.635611211489327,0.35158410862459133,0.7442851461524967,0.020202020202020204,0.010309278350515464,0.04878048780487805,235,194,1,1,1.0,1,1.0
R01,44,P,10,final,4.635611211489327,,,0.0,,0.12987012987012986,231,0,0,0,,0,
R01,44,P,12,final,4.635611211489327,,,0.0,,0.12987012987012986,231,0,0,0,,0,
R01,44,P,13,final,4.635611211489327,,,0.0,,0.034934497816593885,229,0,0,0,,0,
R01,44,P,15,final,4.635611211489327,,,0.0,,0.017543859649122806,228,0,0,0,,0,
R01,44,S+C_no_conf,01,final,4.730921391293652,0.511992987489043,0.5741034513001657,0.7601078167115903,1.0,1.0,230,141,1,1,1.0,0,0.0
R01,44,S+C_no_conf,02,final,4.730921391293652,0.8740157480314961,0.8604519573662744,0.6631853785900783,1.0,1.0,256,127,1,1,1.0,0,0.0
R01,44,S+C_no_conf,03,final,4.730921391293652,0.6642703091301222,0.5473158514908472,0.6456953642384106,1.0,1.0,409,195,1,1,1.0,0,0.0
R01,44,S+C_no_conf,05,final,4.730921391293652,0.8359134826526131,0.6960917224076001,0.4816753926701571,1.0,1.0,290,92,1,1,1.0,0,0.0
R01,44,S+C_no_conf,08,final,4.730921391293652,0.3399547397535831,0.7234262011362729,0.9044289044289044,1.0,1.0,235,194,1,1,1.0,0,0.0
R01,44,S+C_no_conf,10,final,4.730921391293652,,,0.0,,1.0,231,0,0,0,,0,
R01,44,S+C_no_conf,12,final,4.730921391293652,,,0.0,,0.329004329004329,231,0,0,0,,0,
R01,44,S+C_no_conf,13,final,4.730921391293652,,,0.0,,0.048034934497816595,229,0,0,0,,0,
R01,44,S+C_no_conf,15,final,4.730921391293652,,,0.0,,0.0,228,0,0,0,,0,
R01,44,S+alignment,01,final,4.730921391293652,0.5564586819666906,0.6684278802330782,0.16455696202531644,0.09219858156028368,0.0449438202247191,230,141,1,1,1.0,9,9.0
R01,44,S+alignment,02,final,4.730921391293652,0.4630409570896662,0.5762452889108162,0.2585034013605442,0.14960629921259844,0.007751937984496124,256,127,1,1,1.0,2,2.0
R01,44,S+alignment,03,final,4.730921391293652,0.7375509225976516,0.6516296021871911,0.18025751072961374,0.1076923076923077,0.0794392523364486,409,195,1,1,1.0,1,1.0
R01,44,S+alignment,05,final,4.730921391293652,0.41172595520421607,0.2721882106458945,0.0,0.0,0.045454545454545456,290,92,1,0,0.0,0,
R01,44,S+alignment,08,final,4.730921391293652,0.33341714860447574,0.7414627548419407,0.01015228426395939,0.005154639175257732,0.04878048780487805,235,194,1,1,1.0,193,193.0
R01,44,S+alignment,10,final,4.730921391293652,,,0.0,,0.10822510822510822,231,0,0,0,,0,
R01,44,S+alignment,12,final,4.730921391293652,,,0.0,,0.12121212121212122,231,0,0,0,,0,
R01,44,S+alignment,13,final,4.730921391293652,,,0.0,,0.034934497816593885,229,0,0,0,,0,
R01,44,S+alignment,15,final,4.730921391293652,,,0.0,,0.0,228,0,0,0,,0,
R01,44,S+innovation,01,final,4.954064942607862,0.4892421706908917,0.5618966083505711,0.0,0.0,0.0449438202247191,230,141,1,0,0.0,0,
R01,44,S+innovation,02,final,4.954064942607862,0.46426173472501986,0.47864130365696217,0.07352941176470588,0.03937007874015748,0.031007751937984496,256,127,1,1,1.0,77,77.0
R01,44,S+innovation,03,final,4.954064942607862,0.3306494128924035,0.37167216214207927,0.009900990099009901,0.005128205128205128,0.028037383177570093,409,195,1,1,1.0,11,11.0
R01,44,S+innovation,05,final,4.954064942607862,0.3020696091348265,0.2293422898907315,0.0,0.0,0.030303030303030304,290,92,1,0,0.0,0,
R01,44,S+innovation,08,final,4.954064942607862,0.23221020870002512,0.7033543667682576,0.0,0.0,0.024390243902439025,235,194,1,0,0.0,0,
R01,44,S+innovation,10,final,4.954064942607862,,,0.0,,0.03463203463203463,231,0,0,0,,0,
R01,44,S+innovation,12,final,4.954064942607862,,,0.0,,0.06926406926406926,231,0,0,0,,0,
R01,44,S+innovation,13,final,4.954064942607862,,,0.0,,0.034934497816593885,229,0,0,0,,0,
R01,44,S+innovation,15,final,4.954064942607862,,,0.0,,0.0043859649122807015,228,0,0,0,,0,
R01,44,S+progress,01,final,4.836281906951478,0.33938959279623876,0.508871093393651,0.05161290322580645,0.028368794326241134,0.11235955056179775,230,141,1,1,1.0,19,19.0
R01,44,S+progress,02,final,4.836281906951478,0.4495818836598914,0.47923198254045235,0.08695652173913043,0.047244094488188976,0.03875968992248062,256,127,1,1,1.0,77,77.0
R01,44,S+progress,03,final,4.836281906951478,0.5718308171579201,0.5243238099037691,0.01,0.005128205128205128,0.018691588785046728,409,195,1,1,1.0,11,11.0
R01,44,S+progress,05,final,4.836281906951478,0.27991875274483974,0.22043287410899187,0.0,0.0,0.08080808080808081,290,92,1,0,0.0,0,
R01,44,S+progress,08,final,4.836281906951478,0.35365853658536583,0.7518720785949666,0.0,0.0,0.024390243902439025,235,194,1,0,0.0,0,
R01,44,S+progress,10,final,4.836281906951478,,,0.0,,0.05627705627705628,231,0,0,0,,0,
R01,44,S+progress,12,final,4.836281906951478,,,0.0,,0.06926406926406926,231,0,0,0,,0,
R01,44,S+progress,13,final,4.836281906951478,,,0.0,,0.0611353711790393,229,0,0,0,,0,
R01,44,S+progress,15,final,4.836281906951478,,,0.0,,0.0,228,0,0,0,,0,
R02,42,S,02,final,4.39487477715173,,,0.0,,0.010084033613445379,595,0,0,0,,0,
R02,42,S,03,final,4.39487477715173,0.9950239047711971,0.9857319867102823,0.039603960396039604,0.02027027027027027,0.0036101083032490976,573,296,1,1,1.0,0,0.0
R02,42,S,06,final,4.39487477715173,0.933105233144712,0.885772817594732,0.006472491909385114,0.0032679738562091504,0.006711409395973154,604,306,1,1,1.0,11,11.0
R02,42,S,07,final,4.39487477715173,0.3312442836950195,0.2112311073641283,0.05042016806722689,0.02631578947368421,0.004739336492890996,536,114,1,1,1.0,81,81.0
R02,42,S,08,final,4.39487477715173,0.5051852175432465,0.2386115854169149,0.0,0.0,0.010169491525423728,784,194,4,0,0.0,0,
R02,42,S,11,final,4.39487477715173,0.7574166666666667,0.5617873606903132,0.0,0.0,0.017142857142857144,590,240,1,0,0.0,0,
R02,42,S,15,final,4.39487477715173,0.4716144578313253,0.471314220041188,0.0,0.0,0.012048192771084338,815,400,2,0,0.0,0,
R02,42,S+C,02,final,4.39487477715173,,,0.0,,0.010084033613445379,595,0,0,0,,0,
R02,42,S+C,03,final,4.39487477715173,0.9950239047711973,0.9857319867102823,0.039603960396039604,0.02027027027027027,0.0036101083032490976,573,296,1,1,1.0,0,0.0
R02,42,S+C,06,final,4.39487477715173,0.9323430714567706,0.8854166640389661,0.006472491909385114,0.0032679738562091504,0.006711409395973154,604,306,1,1,1.0,11,11.0
R02,42,S+C,07,final,4.39487477715173,0.34096200216180267,0.21876497262900027,0.05042016806722689,0.02631578947368421,0.004739336492890996,536,114,1,1,1.0,81,81.0
R02,42,S+C,08,final,4.39487477715173,0.47854709068670276,0.2314695223322814,0.0,0.0,0.010169491525423728,784,194,4,0,0.0,0,
R02,42,S+C,11,final,4.39487477715173,0.7576845238095239,0.5620007206245794,0.0,0.0,0.017142857142857144,590,240,1,0,0.0,0,
R02,42,S+C,15,final,4.39487477715173,0.46623795180722893,0.4697152681508465,0.0,0.0,0.012048192771084338,815,400,2,0,0.0,0,
R02,42,S+P,02,final,5.364275334339834,,,0.0,,0.03361344537815126,595,0,0,0,,0,
R02,42,S+P,03,final,5.364275334339834,0.9835898624256025,0.9750468893683137,0.5707434052757794,0.40202702702702703,0.007220216606498195,573,296,1,1,1.0,0,0.0
R02,42,S+P,06,final,5.364275334339834,0.9624128174759836,0.9542590675703156,0.7850098619329389,0.6503267973856209,0.006711409395973154,604,306,1,1,1.0,3,3.0
R02,42,S+P,07,final,5.364275334339834,0.8844370998586514,0.6309566227332298,0.7258687258687259,0.8245614035087719,0.12085308056872038,536,114,1,1,1.0,0,0.0
R02,42,S+P,08,final,5.364275334339834,0.548842390354709,0.2541326968546619,0.0,0.0,0.00847457627118644,784,194,4,0,0.0,0,
R02,42,S+P,11,final,5.364275334339834,0.4098630952380953,0.35283423149925086,0.0,0.0,0.06571428571428571,590,240,1,0,0.0,0,
R02,42,S+P,15,final,5.364275334339834,0.6587078313253012,0.6397901303244113,0.01951219512195122,0.01,0.014457831325301205,815,400,2,2,1.0,172,86.0
R02,42,S+C+P,02,final,5.364275334339834,,,0.0,,0.03361344537815126,595,0,0,0,,0,
R02,42,S+C+P,03,final,5.364275334339834,0.9835898624256025,0.9750468893683135,0.5707434052757794,0.40202702702702703,0.007220216606498195,573,296,1,1,1.0,0,0.0
R02,42,S+C+P,06,final,5.364275334339834,0.9624128174759836,0.9542590675703158,0.7850098619329389,0.6503267973856209,0.006711409395973154,604,306,1,1,1.0,3,3.0
R02,42,S+C+P,07,final,5.364275334339834,0.8850087303566974,0.6310896283607245,0.7258687258687259,0.8245614035087719,0.12085308056872038,536,114,1,1,1.0,0,0.0
R02,42,S+C+P,08,final,5.364275334339834,0.532561593569806,0.24996972893612035,0.0,0.0,0.00847457627118644,784,194,4,0,0.0,0,
R02,42,S+C+P,11,final,5.364275334339834,0.41002976190476187,0.35291211454587434,0.0,0.0,0.06571428571428571,590,240,1,0,0.0,0,
R02,42,S+C+P,15,final,5.364275334339834,0.6568885542168675,0.6392936040033171,0.01951219512195122,0.01,0.014457831325301205,815,400,2,2,1.0,172,86.0
R02,42,S+C0,02,final,4.429966096963001,,,0.0,,0.010084033613445379,595,0,0,0,,0,
R02,42,S+C0,03,final,4.429966096963001,0.995078788174456,0.9852391855935857,0.039603960396039604,0.02027027027027027,0.0036101083032490976,573,296,1,1,1.0,0,0.0
R02,42,S+C0,06,final,4.429966096963001,0.9325075667851034,0.8854970320210159,0.006472491909385114,0.0032679738562091504,0.006711409395973154,604,306,1,1,1.0,11,11.0
R02,42,S+C0,07,final,4.429966096963001,0.3285108505861811,0.21088521093342702,0.05042016806722689,0.02631578947368421,0.004739336492890996,536,114,1,1,1.0,81,81.0
R02,42,S+C0,08,final,4.429966096963001,0.4804691595317141,0.2321302030425888,0.0,0.0,0.010169491525423728,784,194,4,0,0.0,0,
R02,42,S+C0,11,final,4.429966096963001,0.7574940476190476,0.5618479800521828,0.0,0.0,0.017142857142857144,590,240,1,0,0.0,0,
R02,42,S+C0,15,final,4.429966096963001,0.46738554216867473,0.4700787110465406,0.0,0.0,0.012048192771084338,815,400,2,0,0.0,0,
R02,42,S+C0+P,02,final,5.364275334339834,,,0.0,,0.03361344537815126,595,0,0,0,,0,
R02,42,S+C0+P,03,final,5.364275334339834,0.9835898624256025,0.9750468893683135,0.5707434052757794,0.40202702702702703,0.007220216606498195,573,296,1,1,1.0,0,0.0
R02,42,S+C0+P,06,final,5.364275334339834,0.9624128174759836,0.9542590675703158,0.7850098619329389,0.6503267973856209,0.006711409395973154,604,306,1,1,1.0,3,3.0
R02,42,S+C0+P,07,final,5.364275334339834,0.8840941215598237,0.6309002400592123,0.7258687258687259,0.8245614035087719,0.12085308056872038,536,114,1,1,1.0,0,0.0
R02,42,S+C0+P,08,final,5.364275334339834,0.534243403809191,0.2504818186808805,0.0,0.0,0.00847457627118644,784,194,4,0,0.0,0,
R02,42,S+C0+P,11,final,5.364275334339834,0.4099107142857143,0.3528530885466683,0.0,0.0,0.06571428571428571,590,240,1,0,0.0,0,
R02,42,S+C0+P,15,final,5.364275334339834,0.6569397590361445,0.6387384692437446,0.01951219512195122,0.01,0.014457831325301205,815,400,2,2,1.0,172,86.0
R02,42,C,02,final,2.4590459181638473,,,0.0,,0.03697478991596639,595,0,0,0,,0,
R02,42,C,03,final,2.4590459181638473,0.9051492828568641,0.8825164931145005,0.0,0.0,0.0036101083032490976,573,296,1,0,0.0,0,
R02,42,C,06,final,2.4590459181638473,0.0036079308680966944,0.3133339172173119,0.0,0.0,0.9362416107382551,604,306,1,0,0.0,0,
R02,42,C,07,final,2.4590459181638473,0.2754011806768105,0.17655474142849523,0.12650602409638553,0.18421052631578946,0.466824644549763,536,114,1,1,1.0,93,93.0
R02,42,C,08,final,2.4590459181638473,0.35889393674646164,0.18404188015656262,0.2523076923076923,0.422680412371134,0.6338983050847458,784,194,4,4,1.0,2,0.5
R02,42,C,11,final,2.4590459181638473,0.9462976190476191,0.8385828668631199,0.8362369337979094,1.0,0.26857142857142857,590,240,1,1,1.0,0,0.0
R02,42,C,15,final,2.4590459181638473,0.4729518072289156,0.4326032837131756,0.42649006622516555,0.4025,0.4674698795180723,815,400,2,2,1.0,152,76.0
R02,42,P,02,final,5.277263957350204,,,0.0,,0.047058823529411764,595,0,0,0,,0,
R02,42,P,03,final,5.277263957350204,0.9858705727388037,0.9799536662279712,0.5890736342042755,0.4189189189189189,0.0036101083032490976,573,296,1,1,1.0,4,4.0
R02,42,P,06,final,5.277263957350204,0.9658398034829143,0.9625335563959946,0.8085106382978723,0.6830065359477124,0.006711409395973154,604,306,1,1,1.0,3,3.0
R02,42,P,07,final,5.277263957350204,0.8923048141681217,0.6507926357790803,0.7196969696969697,0.8333333333333334,0.13033175355450238,536,114,1,1,1.0,0,0.0
R02,42,P,08,final,5.277263957350204,0.6971824218067447,0.3284823930608295,0.0,0.0,0.001694915254237288,784,194,4,0,0.0,0,
R02,42,P,11,final,5.277263957350204,0.43180952380952375,0.34792357074501007,0.0,0.0,0.07142857142857142,590,240,1,0,0.0,0,
R02,42,P,15,final,5.277263957350204,0.7104698795180724,0.6733482664947138,0.04807692307692308,0.025,0.014457831325301205,815,400,2,2,1.0,66,33.0
R02,42,S+C_no_conf,02,final,4.928957263081989,,,0.0,,0.013445378151260505,595,0,0,0,,0,
R02,42,S+C_no_conf,03,final,4.928957263081989,0.9988047614401404,0.998677071386365,0.9983136593591906,1.0,0.0036101083032490976,573,296,1,1,1.0,0,0.0
R02,42,S+C_no_conf,06,final,4.928957263081989,0.9893078036583761,0.978518469551606,0.8743169398907104,0.7843137254901961,0.010067114093959731,604,306,1,1,1.0,1,1.0
R02,42,S+C_no_conf,07,final,4.928957263081989,0.7858983952772927,0.41777137527913316,0.12598425196850394,0.07017543859649122,0.011848341232227487,536,114,1,1,1.0,81,81.0
R02,42,S+C_no_conf,08,final,4.928957263081989,0.5259086143630962,0.272738196154853,0.0,0.0,0.00847457627118644,784,194,4,0,0.0,0,
R02,42,S+C_no_conf,11,final,4.928957263081989,0.42060714285714285,0.3653662778979637,0.0,0.0,0.02,590,240,1,0,0.0,0,
R02,42,S+C_no_conf,15,final,4.928957263081989,0.2062951807228916,0.3695564287312113,0.0,0.0,0.033734939759036145,815,400,2,0,0.0,0,
R02,42,S+alignment,02,final,4.87179884924204,,,0.0,,0.011764705882352941,595,0,0,0,,0,
R02,42,S+alignment,03,final,4.87179884924204,0.9965423455946921,0.9901228147114877,0.10223642172523961,0.05405405405405406,0.0036101083032490976,573,296,1,1,1.0,0,0.0
R02,42,S+alignment,06,final,4.87179884924204,0.9890281616002106,0.9666457186623991,0.05063291139240506,0.026143790849673203,0.006711409395973154,604,306,1,1,1.0,3,3.0
R02,42,S+alignment,07,final,4.87179884924204,0.764093290097281,0.40787122335817383,0.03389830508474576,0.017543859649122806,0.004739336492890996,536,114,1,1,1.0,81,81.0
R02,42,S+alignment,08,final,4.87179884924204,0.5023152192905819,0.23737410848953222,0.0,0.0,0.00847457627118644,784,194,4,0,0.0,0,
R02,42,S+alignment,11,final,4.87179884924204,0.6614821428571428,0.4771451857488742,0.0,0.0,0.017142857142857144,590,240,1,0,0.0,0,
R02,42,S+alignment,15,final,4.87179884924204,0.40004819277108433,0.41652624077817024,0.0,0.0,0.021686746987951807,815,400,2,0,0.0,0,
R02,42,S+innovation,02,final,5.364275334339834,,,0.0,,0.031932773109243695,595,0,0,0,,0,
R02,42,S+innovation,03,final,5.364275334339834,0.9446470387354864,0.9348793256983929,0.5174129353233831,0.35135135135135137,0.007220216606498195,573,296,1,1,1.0,0,0.0
R02,42,S+innovation,06,final,5.364275334339834,0.9179497302276616,0.9211029605296904,0.7580645161290323,0.6143790849673203,0.006711409395973154,604,306,1,1,1.0,12,12.0
R02,42,S+innovation,07,final,5.364275334339834,0.8086181092541782,0.552680705202469,0.6852589641434262,0.7543859649122807,0.12085308056872038,536,114,1,1,1.0,0,0.0
R02,42,S+innovation,08,final,5.364275334339834,0.5269002271535908,0.24728131788594265,0.0,0.0,0.00847457627118644,784,194,4,0,0.0,0,
R02,42,S+innovation,11,final,5.364275334339834,0.5197797619047619,0.3974005352194848,0.0,0.0,0.06571428571428571,590,240,1,0,0.0,0,
R02,42,S+innovation,15,final,5.364275334339834,0.7186626506024095,0.7099239359354866,0.01951219512195122,0.01,0.014457831325301205,815,400,2,2,1.0,172,86.0
R02,42,S+progress,02,final,4.39487477715173,,,0.0,,0.010084033613445379,595,0,0,0,,0,
R02,42,S+progress,03,final,4.39487477715173,0.9829251634305786,0.9734111947691888,0.1723076923076923,0.0945945945945946,0.0036101083032490976,573,296,1,1,1.0,0,0.0
R02,42,S+progress,06,final,4.39487477715173,0.9571544501469491,0.9386605177021944,0.2598870056497175,0.1503267973856209,0.006711409395973154,604,306,1,1,1.0,11,11.0
R02,42,S+progress,07,final,4.39487477715173,0.5975825226573543,0.48876408558042417,0.20155038759689922,0.11403508771929824,0.004739336492890996,536,114,1,1,1.0,81,81.0
R02,42,S+progress,08,final,4.39487477715173,0.5485802900576621,0.2560446660368129,0.0,0.0,0.010169491525423728,784,194,4,0,0.0,0,
R02,42,S+progress,11,final,4.39487477715173,0.7003095238095238,0.505438150226768,0.0,0.0,0.017142857142857144,590,240,1,0,0.0,0,
R02,42,S+progress,15,final,4.39487477715173,0.4444246987951807,0.4461694755086234,0.0,0.0,0.012048192771084338,815,400,2,0,0.0,0,
R02,43,S,02,final,4.39487477715173,,,0.0,,0.010084033613445379,595,0,0,0,,0,
R02,43,S,03,final,4.39487477715173,0.9950239047711971,0.9857319867102823,0.039603960396039604,0.02027027027027027,0.0036101083032490976,573,296,1,1,1.0,0,0.0
R02,43,S,06,final,4.39487477715173,0.933105233144712,0.885772817594732,0.006472491909385114,0.0032679738562091504,0.006711409395973154,604,306,1,1,1.0,11,11.0
R02,43,S,07,final,4.39487477715173,0.3312442836950195,0.2112311073641283,0.05042016806722689,0.02631578947368421,0.004739336492890996,536,114,1,1,1.0,81,81.0
R02,43,S,08,final,4.39487477715173,0.5051852175432465,0.2386115854169149,0.0,0.0,0.010169491525423728,784,194,4,0,0.0,0,
R02,43,S,11,final,4.39487477715173,0.7574166666666667,0.5617873606903132,0.0,0.0,0.017142857142857144,590,240,1,0,0.0,0,
R02,43,S,15,final,4.39487477715173,0.4716144578313253,0.471314220041188,0.0,0.0,0.012048192771084338,815,400,2,0,0.0,0,
R02,43,S+C,02,final,4.39487477715173,,,0.0,,0.010084033613445379,595,0,0,0,,0,
R02,43,S+C,03,final,4.39487477715173,0.9950239047711972,0.9857319867102823,0.039603960396039604,0.02027027027027027,0.0036101083032490976,573,296,1,1,1.0,0,0.0
R02,43,S+C,06,final,4.39487477715173,0.9317892705180506,0.8850803840235737,0.006472491909385114,0.0032679738562091504,0.006711409395973154,604,306,1,1,1.0,11,11.0
R02,43,S+C,07,final,4.39487477715173,0.33797913029018045,0.21848205377136193,0.05042016806722689,0.02631578947368421,0.004739336492890996,536,114,1,1,1.0,81,81.0
R02,43,S+C,08,final,4.39487477715173,0.48373667656823344,0.23247865908640097,0.0,0.0,0.010169491525423728,784,194,4,0,0.0,0,
R02,43,S+C,11,final,4.39487477715173,0.7575654761904761,0.5618856752560111,0.0,0.0,0.017142857142857144,590,240,1,0,0.0,0,
R02,43,S+C,15,final,4.39487477715173,0.46595481927710847,0.46959679944052457,0.0,0.0,0.012048192771084338,815,400,2,0,0.0,0,
R02,43,S+P,02,final,5.459585514144159,,,0.0,,0.021848739495798318,595,0,0,0,,0,
R02,43,S+P,03,final,5.459585514144159,0.9856632354376037,0.9774618782401201,0.563855421686747,0.3952702702702703,0.007220216606498195,573,296,1,1,1.0,0,0.0
R02,43,S+P,06,final,5.459585514144159,0.9644854586129754,0.9583688296457082,0.7630522088353414,0.6209150326797386,0.006711409395973154,604,306,1,1,1.0,3,3.0
R02,43,S+P,07,final,5.459585514144159,0.8976053878772761,0.6493112534128715,0.6517857142857143,0.6403508771929824,0.08767772511848342,536,114,1,1,1.0,0,0.0
R02,43,S+P,08,final,5.459585514144159,0.5727808841516686,0.27156370992013246,0.0,0.0,0.00847457627118644,784,194,4,0,0.0,0,
R02,43,S+P,11,final,5.459585514144159,0.458375,0.3713731931253206,0.0,0.0,0.04285714285714286,590,240,1,0,0.0,0,
R02,43,S+P,15,final,5.459585514144159,0.6649578313253012,0.6363811205564547,0.00980392156862745,0.005,0.014457831325301205,815,400,2,1,0.5,59,59.0
R02,43,S+C+P,02,final,5.459585514144159,,,0.0,,0.021848739495798318,595,0,0,0,,0,
R02,43,S+C+P,03,final,5.459585514144159,0.9856632354376037,0.9774618782401199,0.563855421686747,0.3952702702702703,0.007220216606498195,573,296,1,1,1.0,0,0.0
R02,43,S+C+P,06,final,5.459585514144159,0.9644854586129752,0.9583688296457082,0.7630522088353414,0.6209150326797386,0.006711409395973154,604,306,1,1,1.0,3,3.0
R02,43,S+C+P,07,final,5.459585514144159,0.8978756132036252,0.6493865728270033,0.6517857142857143,0.6403508771929824,0.08767772511848342,536,114,1,1,1.0,0,0.0
R02,43,S+C+P,08,final,5.459585514144159,0.5585357330071641,0.26777511280704086,0.0,0.0,0.00847457627118644,784,194,4,0,0.0,0,
R02,43,S+C+P,11,final,5.459585514144159,0.458375,0.3713731931253206,0.0,0.0,0.04285714285714286,590,240,1,0,0.0,0,
R02,43,S+C+P,15,final,5.459585514144159,0.662605421686747,0.6357311873412881,0.00980392156862745,0.005,0.014457831325301205,815,400,2,1,0.5,59,59.0
R02,43,S+C0,02,final,4.429966096963001,,,0.0,,0.010084033613445379,595,0,0,0,,0,
R02,43,S+C0,03,final,4.429966096963001,0.995097082642209,0.9851276612195203,0.039603960396039604,0.02027027027027027,0.0036101083032490976,573,296,1,1,1.0,0,0.0
R02,43,S+C0,06,final,4.429966096963001,0.93223889108216,0.8853445097036652,0.006472491909385114,0.0032679738562091504,0.006711409395973154,604,306,1,1,1.0,11,11.0
R02,43,S+C0,07,final,4.429966096963001,0.3300802361353621,0.21114050474712712,0.05042016806722689,0.02631578947368421,0.004739336492890996,536,114,1,1,1.0,81,81.0
R02,43,S+C0,08,final,4.429966096963001,0.48370609820024457,0.23269451132593472,0.0,0.0,0.010169491525423728,784,194,4,0,0.0,0,
R02,43,S+C0,11,final,4.429966096963001,0.7575535714285714,0.5618793087183145,0.0,0.0,0.02,590,240,1,0,0.0,0,
R02,43,S+C0,15,final,4.429966096963001,0.46628915662650605,0.4697259410812299,0.0,0.0,0.012048192771084338,815,400,2,0,0.0,0,
R02,43,S+C0+P,02,final,5.459585514144159,,,0.0,,0.021848739495798318,595,0,0,0,,0,
R02,43,S+C0+P,03,final,5.459585514144159,0.9856632354376037,0.9774618782401199,0.563855421686747,0.3952702702702703,0.007220216606498195,573,296,1,1,1.0,0,0.0
R02,43,S+C0+P,06,final,5.459585514144159,0.9644854586129754,0.9583688296457082,0.7630522088353414,0.6209150326797386,0.006711409395973154,604,306,1,1,1.0,3,3.0
R02,43,S+C0+P,07,final,5.459585514144159,0.8976261744408415,0.6493274993843943,0.6517857142857143,0.6403508771929824,0.08767772511848342,536,114,1,1,1.0,0,0.0
R02,43,S+C0+P,08,final,5.459585514144159,0.5593220338983051,0.26805033227626435,0.0,0.0,0.00847457627118644,784,194,4,0,0.0,0,
R02,43,S+C0+P,11,final,5.459585514144159,0.458375,0.3713731931253206,0.0,0.0,0.04285714285714286,590,240,1,0,0.0,0,
R02,43,S+C0+P,15,final,5.459585514144159,0.6623915662650601,0.634866603721997,0.00980392156862745,0.005,0.014457831325301205,815,400,2,1,0.5,59,59.0
R02,43,C,02,final,2.4488903822669736,,,0.0,,0.047058823529411764,595,0,0,0,,0,
R02,43,C,03,final,2.4488903822669736,0.9075641526002537,0.8835059009612303,0.0,0.0,0.0036101083032490976,573,296,1,0,0.0,0,
R02,43,C,06,final,2.4488903822669736,0.0028622187129885798,0.3132016504848302,0.0,0.0,0.9362416107382551,604,306,1,0,0.0,0,
R02,43,C,07,final,2.4488903822669736,0.2663382389623347,0.16364590839075066,0.1242603550295858,0.18421052631578946,0.48104265402843605,536,114,1,1,1.0,93,93.0
R02,43,C,08,final,2.4488903822669736,0.3945308404682859,0.19194493312301852,0.3193033381712627,0.5670103092783505,0.652542372881356,784,194,4,4,1.0,2,0.5
R02,43,C,11,final,2.4488903822669736,0.935202380952381,0.81849823855767,0.8094435075885329,1.0,0.32285714285714284,590,240,1,1,1.0,0,0.0
R02,43,C,15,final,2.4488903822669736,0.49401807228915656,0.44338158570486974,0.4898989898989899,0.485,0.4771084337349398,815,400,2,2,1.0,151,75.5
R02,43,P,02,final,5.054120406035994,,,0.0,,0.030252100840336135,595,0,0,0,,0,
R02,43,P,03,final,5.054120406035994,0.9881634793638404,0.9833068029793705,0.5823389021479713,0.41216216216216217,0.0036101083032490976,573,296,1,1,1.0,2,2.0
R02,43,P,06,final,5.054120406035994,0.9680001754616835,0.964826019877963,0.79296875,0.6633986928104575,0.010067114093959731,604,306,1,1,1.0,2,2.0
R02,43,P,07,final,5.054120406035994,0.9057745073584434,0.6682628609853157,0.6984126984126984,0.7719298245614035,0.11848341232227488,536,114,1,1,1.0,0,0.0
R02,43,P,08,final,5.054120406035994,0.7142320461296523,0.34873140330390123,0.0,0.0,0.001694915254237288,784,194,4,0,0.0,0,
R02,43,P,11,final,5.054120406035994,0.48047023809523803,0.3646151903394185,0.0,0.0,0.06,590,240,1,0,0.0,0,
R02,43,P,15,final,5.054120406035994,0.7131415662650602,0.6671010769758718,0.06619385342789598,0.035,0.021686746987951807,815,400,2,2,1.0,66,33.0
R02,43,S+C_no_conf,02,final,4.817731627971765,,,0.0,,0.015126050420168067,595,0,0,0,,0,
R02,43,S+C_no_conf,03,final,4.817731627971765,0.9986462093862816,0.9982281437822071,0.9983136593591906,1.0,0.0036101083032490976,573,296,1,1,1.0,0,0.0
R02,43,S+C_no_conf,06,final,4.817731627971765,0.9844168092292847,0.9674775268765917,0.8971631205673759,0.826797385620915,0.016778523489932886,604,306,1,1,1.0,0,0.0
R02,43,S+C_no_conf,07,final,4.817731627971765,0.7964995426956015,0.4417523336441654,0.12698412698412698,0.07017543859649122,0.009478672985781991,536,114,1,1,1.0,81,81.0
R02,43,S+C_no_conf,08,final,4.817731627971765,0.5039926611916827,0.2688009926526561,0.0,0.0,0.010169491525423728,784,194,4,0,0.0,0,
R02,43,S+C_no_conf,11,final,4.817731627971765,0.3158988095238095,0.35527050624340917,0.0,0.0,0.025714285714285714,590,240,1,0,0.0,0,
R02,43,S+C_no_conf,15,final,4.817731627971765,0.23816265060240965,0.3918062438572886,0.0,0.0,0.04578313253012048,815,400,2,0,0.0,0,
R02,43,S+alignment,02,final,4.928957263081989,,,0.0,,0.010084033613445379,595,0,0,0,,0,
R02,43,S+alignment,03,final,4.928957263081989,0.9965423455946922,0.9901970657519515,0.10828025477707007,0.057432432432432436,0.0036101083032490976,573,296,1,1,1.0,0,0.0
R02,43,S+alignment,06,final,4.928957263081989,0.9884085625301574,0.9654229857048656,0.02564102564102564,0.013071895424836602,0.006711409395973154,604,306,1,1,1.0,2,2.0
R02,43,S+alignment,07,final,4.928957263081989,0.7738421884094121,0.417575828126639,0.03389830508474576,0.017543859649122806,0.004739336492890996,536,114,1,1,1.0,81,81.0
R02,43,S+alignment,08,final,4.928957263081989,0.5021579591123536,0.2373565406585827,0.0,0.0,0.006779661016949152,784,194,4,0,0.0,0,
R02,43,S+alignment,11,final,4.928957263081989,0.6968511904761905,0.5055816857470022,0.0,0.0,0.02,590,240,1,0,0.0,0,
R02,43,S+alignment,15,final,4.928957263081989,0.40221987951807225,0.4179213958968666,0.0,0.0,0.024096385542168676,815,400,2,0,0.0,0,
R02,43,S+innovation,02,final,5.459585514144159,,,0.0,,0.021848739495798318,595,0,0,0,,0,
R02,43,S+innovation,03,final,5.459585514144159,0.9442262659771685,0.9354819703702241,0.5025125628140703,0.33783783783783783,0.007220216606498195,573,296,1,1,1.0,0,0.0
R02,43,S+innovation,06,final,5.459585514144159,0.92030749660043,0.9248318937491136,0.7351129363449692,0.5849673202614379,0.006711409395973154,604,306,1,1,1.0,12,12.0
R02,43,S+innovation,07,final,5.459585514144159,0.8199571796790555,0.5659091268128179,0.6018518518518519,0.5701754385964912,0.08767772511848342,536,114,1,1,1.0,0,0.0
R02,43,S+innovation,08,final,5.459585514144159,0.5411191682683907,0.2617546726423295,0.0,0.0,0.00847457627118644,784,194,4,0,0.0,0,
R02,43,S+innovation,11,final,5.459585514144159,0.5410773809523809,0.40757586883855795,0.0,0.0,0.04,590,240,1,0,0.0,0,
R02,43,S+innovation,15,final,5.459585514144159,0.7269036144578312,0.7143687910547554,0.009828009828009828,0.005,0.012048192771084338,815,400,2,1,0.5,59,59.0
R02,43,S+progress,02,final,4.39487477715173,,,0.0,,0.010084033613445379,595,0,0,0,,0,
R02,43,S+progress,03,final,4.39487477715173,0.9793028588154942,0.970726890899886,0.1723076923076923,0.0945945945945946,0.0036101083032490976,573,296,1,1,1.0,0,0.0
R02,43,S+progress,06,final,4.39487477715173,0.9603346931613809,0.9438208837484142,0.22988505747126436,0.13071895424836602,0.006711409395973154,604,306,1,1,1.0,11,11.0
R02,43,S+progress,07,final,4.39487477715173,0.5830942878523323,0.45795588144929533,0.20155038759689922,0.11403508771929824,0.004739336492890996,536,114,1,1,1.0,81,81.0
R02,43,S+progress,08,final,4.39487477715173,0.5556395247247947,0.26054413270526844,0.0,0.0,0.010169491525423728,784,194,4,0,0.0,0,
R02,43,S+progress,11,final,4.39487477715173,0.7137202380952381,0.5174610042113302,0.0,0.0,0.017142857142857144,590,240,1,0,0.0,0,
R02,43,S+progress,15,final,4.39487477715173,0.4394578313253012,0.4420814040454105,0.0,0.0,0.012048192771084338,815,400,2,0,0.0,0,
R02,44,S,02,final,4.39487477715173,,,0.0,,0.010084033613445379,595,0,0,0,,0,
R02,44,S,03,final,4.39487477715173,0.9950239047711971,0.9857319867102823,0.039603960396039604,0.02027027027027027,0.0036101083032490976,573,296,1,1,1.0,0,0.0
R02,44,S,06,final,4.39487477715173,0.933105233144712,0.885772817594732,0.006472491909385114,0.0032679738562091504,0.006711409395973154,604,306,1,1,1.0,11,11.0
R02,44,S,07,final,4.39487477715173,0.3312442836950195,0.2112311073641283,0.05042016806722689,0.02631578947368421,0.004739336492890996,536,114,1,1,1.0,81,81.0
R02,44,S,08,final,4.39487477715173,0.5051852175432465,0.2386115854169149,0.0,0.0,0.010169491525423728,784,194,4,0,0.0,0,
R02,44,S,11,final,4.39487477715173,0.7574166666666667,0.5617873606903132,0.0,0.0,0.017142857142857144,590,240,1,0,0.0,0,
R02,44,S,15,final,4.39487477715173,0.4716144578313253,0.471314220041188,0.0,0.0,0.012048192771084338,815,400,2,0,0.0,0,
R02,44,S+C,02,final,4.39487477715173,,,0.0,,0.010084033613445379,595,0,0,0,,0,
R02,44,S+C,03,final,4.39487477715173,0.9950239047711972,0.9857319867102823,0.039603960396039604,0.02027027027027027,0.0036101083032490976,573,296,1,1,1.0,0,0.0
R02,44,S+C,06,final,4.39487477715173,0.9326336798701584,0.8855534361316459,0.006472491909385114,0.0032679738562091504,0.006711409395973154,604,306,1,1,1.0,11,11.0
R02,44,S+C,07,final,4.39487477715173,0.33992267398353704,0.2188726849799246,0.05042016806722689,0.02631578947368421,0.004739336492890996,536,114,1,1,1.0,81,81.0
R02,44,S+C,08,final,4.39487477715173,0.47692206884501137,0.23125617029105966,0.0,0.0,0.010169491525423728,784,194,4,0,0.0,0,
R02,44,S+C,11,final,4.39487477715173,0.7574940476190477,0.5618479800521828,0.0,0.0,0.017142857142857144,590,240,1,0,0.0,0,
R02,44,S+C,15,final,4.39487477715173,0.4679096385542168,0.4702391138662795,0.0,0.0,0.012048192771084338,815,400,2,0,0.0,0,
R02,44,S+P,02,final,5.364275334339834,,,0.0,,0.03361344537815126,595,0,0,0,,0,
R02,44,S+P,03,final,5.364275334339834,0.9841752853936968,0.9749879754413514,0.5569007263922519,0.3885135135135135,0.007220216606498195,573,296,1,1,1.0,0,0.0
R02,44,S+P,06,final,5.364275334339834,0.9600276352151599,0.9509607713135333,0.7777777777777778,0.6405228758169934,0.006711409395973154,604,306,1,1,1.0,3,3.0
R02,44,S+P,07,final,5.364275334339834,0.8787623680053214,0.616501578330322,0.6639004149377593,0.7017543859649122,0.11137440758293839,536,114,1,1,1.0,0,0.0
R02,44,S+P,08,final,5.364275334339834,0.5527476847807093,0.25379617257018877,0.0,0.0,0.00847457627118644,784,194,4,0,0.0,0,
R02,44,S+P,11,final,5.364275334339834,0.4598095238095238,0.3716535573460251,0.0,0.0,0.08285714285714285,590,240,1,0,0.0,0,
R02,44,S+P,15,final,5.364275334339834,0.660081325301205,0.645300974870658,0.014634146341463415,0.0075,0.016867469879518072,815,400,2,2,1.0,162,81.0
R02,44,S+C+P,02,final,5.364275334339834,,,0.0,,0.03361344537815126,595,0,0,0,,0,
R02,44,S+C+P,03,final,5.364275334339834,0.9841752853936969,0.9749879754413515,0.5569007263922519,0.3885135135135135,0.007220216606498195,573,296,1,1,1.0,0,0.0
R02,44,S+C+P,06,final,5.364275334339834,0.9600276352151599,0.9509607713135333,0.7777777777777778,0.6405228758169934,0.006711409395973154,604,306,1,1,1.0,3,3.0
R02,44,S+C+P,07,final,5.364275334339834,0.8792716388126715,0.6166219710698204,0.6639004149377593,0.7017543859649122,0.11137440758293839,536,114,1,1,1.0,0,0.0
R02,44,S+C+P,08,final,5.364275334339834,0.5377642844661891,0.24981383824484893,0.0,0.0,0.00847457627118644,784,194,4,0,0.0,0,
R02,44,S+C+P,11,final,5.364275334339834,0.4598095238095238,0.3716535573460251,0.0,0.0,0.08285714285714285,590,240,1,0,0.0,0,
R02,44,S+C+P,15,final,5.364275334339834,0.6587138554216867,0.6449374383050571,0.014634146341463415,0.0075,0.016867469879518072,815,400,2,2,1.0,162,81.0
R02,44,S+C0,02,final,4.429966096963001,,,0.0,,0.010084033613445379,595,0,0,0,,0,
R02,44,S+C0,03,final,4.429966096963001,0.9950361010830324,0.9855616948400888,0.039603960396039604,0.02027027027027027,0.0036101083032490976,573,296,1,1,1.0,0,0.0
R02,44,S+C0,06,final,4.429966096963001,0.9327543097776023,0.8856096547710182,0.006472491909385114,0.0032679738562091504,0.006711409395973154,604,306,1,1,1.0,11,11.0
R02,44,S+C0,07,final,4.429966096963001,0.33214849921011064,0.21153727761007235,0.05042016806722689,0.02631578947368421,0.004739336492890996,536,114,1,1,1.0,81,81.0
R02,44,S+C0,08,final,4.429966096963001,0.47964791193430023,0.23213868052882217,0.0,0.0,0.010169491525423728,784,194,4,0,0.0,0,
R02,44,S+C0,11,final,4.429966096963001,0.757529761904762,0.5618666728419703,0.0,0.0,0.02,590,240,1,0,0.0,0,
R02,44,S+C0,15,final,4.429966096963001,0.4683885542168675,0.47041812630456215,0.0,0.0,0.014457831325301205,815,400,2,0,0.0,0,
R02,44,S+C0+P,02,final,5.364275334339834,,,0.0,,0.03361344537815126,595,0,0,0,,0,
R02,44,S+C0+P,03,final,5.364275334339834,0.9841752853936969,0.9749879754413515,0.5569007263922519,0.3885135135135135,0.007220216606498195,573,296,1,1,1.0,0,0.0
R02,44,S+C0+P,06,final,5.364275334339834,0.9600276352151599,0.9509607713135334,0.7777777777777778,0.6405228758169934,0.006711409395973154,604,306,1,1,1.0,3,3.0
R02,44,S+C0+P,07,final,5.364275334339834,0.878980626922757,0.616559945445251,0.6639004149377593,0.7017543859649122,0.11137440758293839,536,114,1,1,1.0,0,0.0
R02,44,S+C0+P,08,final,5.364275334339834,0.5395902498689499,0.2503517382861653,0.0,0.0,0.00847457627118644,784,194,4,0,0.0,0,
R02,44,S+C0+P,11,final,5.364275334339834,0.4598095238095238,0.3716535573460251,0.0,0.0,0.08571428571428572,590,240,1,0,0.0,0,
R02,44,S+C0+P,15,final,5.364275334339834,0.6580903614457834,0.6420357854164755,0.014634146341463415,0.0075,0.016867469879518072,815,400,2,2,1.0,162,81.0
R02,44,C,02,final,2.4547131036441887,,,0.0,,0.04201680672268908,595,0,0,0,,0,
R02,44,C,03,final,2.4547131036441887,0.9186018148112012,0.8967887844283682,0.0,0.0,0.0036101083032490976,573,296,1,0,0.0,0,
R02,44,C,06,final,2.4547131036441887,0.004134315918761267,0.31343950032776874,0.0,0.0,0.9026845637583892,604,306,1,0,0.0,0,
R02,44,C,07,final,2.4547131036441887,0.27093206951026855,0.17490308581846295,0.12727272727272726,0.18421052631578946,0.46208530805687204,536,114,1,1,1.0,93,93.0
R02,44,C,08,final,2.4547131036441887,0.31364668879958063,0.17542949704205651,0.19903691813804172,0.31958762886597936,0.6220338983050847,784,194,4,4,1.0,2,0.5
R02,44,C,11,final,2.4547131036441887,0.9452857142857142,0.8355466832067764,0.851063829787234,1.0,0.24,590,240,1,1,1.0,0,0.0
R02,44,C,15,final,2.4547131036441887,0.49680120481927714,0.4443222494775715,0.412483039348711,0.38,0.4457831325301205,815,400,2,2,1.0,151,75.5
R02,44,P,02,final,5.277263957350204,,,0.0,,0.030252100840336135,595,0,0,0,,0,
R02,44,P,03,final,5.277263957350204,0.9869072592448044,0.9815439580022975,0.558252427184466,0.3885135135135135,0.0036101083032490976,573,296,1,1,1.0,4,4.0
R02,44,P,06,final,5.277263957350204,0.9633943062683686,0.9597350183860567,0.7841584158415842,0.6470588235294118,0.003355704697986577,604,306,1,1,1.0,3,3.0
R02,44,P,07,final,5.277263957350204,0.8874095784484909,0.6368717655327135,0.6556016597510373,0.6929824561403509,0.11374407582938388,536,114,1,1,1.0,0,0.0
R02,44,P,08,final,5.277263957350204,0.7067752926786651,0.33448523468348645,0.0,0.0,0.001694915254237288,784,194,4,0,0.0,0,
R02,44,P,11,final,5.277263957350204,0.4679642857142857,0.35982763711893484,0.0,0.0,0.07428571428571429,590,240,1,0,0.0,0,
R02,44,P,15,final,5.277263957350204,0.7047289156626506,0.6763263747003349,0.02912621359223301,0.015,0.014457831325301205,815,400,2,2,1.0,89,44.5
R02,44,S+C_no_conf,02,final,4.87179884924204,,,0.0,,0.01680672268907563,595,0,0,0,,0,
R02,44,S+C_no_conf,03,final,4.87179884924204,0.998377890525905,0.9980801071737224,0.9983136593591906,1.0,0.0036101083032490976,573,296,1,1,1.0,0,0.0
R02,44,S+C_no_conf,06,final,4.87179884924204,0.9866539456946088,0.9719399153516382,0.864963503649635,0.7745098039215687,0.016778523489932886,604,306,1,1,1.0,0,0.0
R02,44,S+C_no_conf,07,final,4.87179884924204,0.779402594163133,0.4088008942153175,0.12698412698412698,0.07017543859649122,0.009478672985781991,536,114,1,1,1.0,81,81.0
R02,44,S+C_no_conf,08,final,4.87179884924204,0.4817621876638127,0.25673521404548555,0.0,0.0,0.00847457627118644,784,194,4,0,0.0,0,
R02,44,S+C_no_conf,11,final,4.87179884924204,0.4084702380952381,0.3608502572525597,0.0,0.0,0.022857142857142857,590,240,1,0,0.0,0,
R02,44,S+C_no_conf,15,final,4.87179884924204,0.22759939759036152,0.3723240254489103,0.0,0.0,0.05060240963855422,815,400,2,0,0.0,0,
R02,44,S+alignment,02,final,4.928957263081989,,,0.0,,0.011764705882352941,595,0,0,0,,0,
R02,44,S+alignment,03,final,4.928957263081989,0.9965423455946921,0.9903078012630364,0.09615384615384616,0.05067567567567568,0.0036101083032490976,573,296,1,1,1.0,0,0.0
R02,44,S+alignment,06,final,4.928957263081989,0.9892200728165986,0.9672358112247352,0.01929260450160772,0.00980392156862745,0.006711409395973154,604,306,1,1,1.0,3,3.0
R02,44,S+alignment,07,final,4.928957263081989,0.7612039577617029,0.41627092900215223,0.03389830508474576,0.017543859649122806,0.004739336492890996,536,114,1,1,1.0,81,81.0
R02,44,S+alignment,08,final,4.928957263081989,0.5030971518434387,0.2375817567914073,0.0,0.0,0.006779661016949152,784,194,4,0,0.0,0,
R02,44,S+alignment,11,final,4.928957263081989,0.6698333333333334,0.48387754095214663,0.0,0.0,0.017142857142857144,590,240,1,0,0.0,0,
R02,44,S+alignment,15,final,4.928957263081989,0.39976506024096387,0.4173314063405693,0.0,0.0,0.012048192771084338,815,400,2,0,0.0,0,
R02,44,S+innovation,02,final,5.364275334339834,,,0.0,,0.03361344537815126,595,0,0,0,,0,
R02,44,S+innovation,03,final,5.364275334339834,0.9495926431847009,0.9382033800734836,0.513715710723192,0.34797297297297297,0.007220216606498195,573,296,1,1,1.0,0,0.0
R02,44,S+innovation,06,final,5.364275334339834,0.9227420274597535,0.923304298805019,0.7555555555555555,0.6111111111111112,0.006711409395973154,604,306,1,1,1.0,12,12.0
R02,44,S+innovation,07,final,5.364275334339834,0.8021327014218009,0.5299504417127208,0.6180257510729614,0.631578947368421,0.11137440758293839,536,114,1,1,1.0,0,0.0
R02,44,S+innovation,08,final,5.364275334339834,0.5202210379171763,0.24259742408595525,0.0,0.0,0.00847457627118644,784,194,4,0,0.0,0,
R02,44,S+innovation,11,final,5.364275334339834,0.5389583333333333,0.406476011183848,0.0,0.0,0.08285714285714285,590,240,1,0,0.0,0,
R02,44,S+innovation,15,final,5.364275334339834,0.7205421686746988,0.712610246638927,0.014669926650366748,0.0075,0.014457831325301205,815,400,2,2,1.0,162,81.0
R02,44,S+progress,02,final,4.39487477715173,,,0.0,,0.010084033613445379,595,0,0,0,,0,
R02,44,S+progress,03,final,4.39487477715173,0.9843704263830618,0.9752752126067087,0.1723076923076923,0.0945945945945946,0.0036101083032490976,573,296,1,1,1.0,0,0.0
R02,44,S+progress,06,final,4.39487477715173,0.9627198754222047,0.9455257722607129,0.245014245014245,0.14052287581699346,0.006711409395973154,604,306,1,1,1.0,11,11.0
R02,44,S+progress,07,final,4.39487477715173,0.5881869959258335,0.47274200750386897,0.20155038759689922,0.11403508771929824,0.004739336492890996,536,114,1,1,1.0,81,81.0
R02,44,S+progress,08,final,4.39487477715173,0.5605713786475623,0.2614645702572379,0.0,0.0,0.010169491525423728,784,194,4,0,0.0,0,
R02,44,S+progress,11,final,4.39487477715173,0.7218571428571429,0.5250848322487218,0.0,0.0,0.017142857142857144,590,240,1,0,0.0,0,
R02,44,S+progress,15,final,4.39487477715173,0.4428042168674699,0.44488529782103237,0.0,0.0,0.012048192771084338,815,400,2,0,0.0,0,
R03,42,S,03,final,2.242599156063879,,1.0,0.0,0.0,,674,674,1,0,0.0,0,
R03,42,S,04,final,2.242599156063879,,1.0,0.8738664468260511,0.7759882869692533,,683,683,1,1,1.0,0,0.0
R03,42,S,05,final,2.242599156063879,0.8145137403324008,0.23388115525665715,0.0,0.0,0.001941747572815534,574,59,1,0,0.0,0,
R03,42,S,07,final,2.242599156063879,0.6644691681598959,0.8021235147929342,0.004784688995215311,0.002398081534772182,0.0,686,417,1,1,1.0,82,82.0
R03,42,S,08,final,2.242599156063879,0.7352064708386548,0.7710592854240578,0.019417475728155338,0.009876543209876543,0.010344827586206896,695,405,1,1,1.0,183,183.0
R03,42,S,09,final,2.242599156063879,0.06949509116409539,0.07326569807068481,0.0,0.0,0.0032258064516129032,712,92,1,0,0.0,0,
R03,42,S,11,final,2.242599156063879,0.8027636054421768,0.5711088636775752,0.1908713692946058,0.10648148148148148,0.004081632653061225,706,216,1,1,1.0,184,184.0
R03,42,S,12,final,2.242599156063879,0.38638387012306885,0.16091036790804977,0.0,0.0,0.0014925373134328358,841,171,2,0,0.0,0,
R03,42,S,14,final,2.242599156063879,0.48740484775641024,0.1364924648763376,0.0,0.0,0.002564102564102564,908,128,2,0,0.0,0,
R03,42,S,17,final,2.242599156063879,,,0.0,,0.023842917251051893,713,0,0,0,,0,
R03,42,S+C,03,final,2.3048650071903927,,0.9999999999999999,0.1355463347164592,0.07270029673590504,,674,674,1,1,1.0,0,0.0
R03,42,S+C,04,final,2.3048650071903927,,1.0000000000000002,0.8701406120760959,0.7701317715959004,,683,683,1,1,1.0,0,0.0
R03,42,S+C,05,final,2.3048650071903927,0.6954747408260655,0.2716011052317979,0.2553191489361702,0.2033898305084746,0.04466019417475728,574,59,1,1,1.0,16,16.0
R03,42,S+C,07,final,2.3048650071903927,0.8968200903960847,0.9201276627149597,0.14666666666666667,0.07913669064748201,0.0,686,417,1,1,1.0,82,82.0
R03,42,S+C,08,final,2.3048650071903927,0.7928352490421455,0.7559075026733146,0.019138755980861243,0.009876543209876543,0.03103448275862069,695,405,1,1,1.0,149,149.0
R03,42,S+C,09,final,2.3048650071903927,0.6973527349228612,0.17893135485042028,0.0,0.0,0.0032258064516129032,712,92,1,0,0.0,0,
R03,42,S+C,11,final,2.3048650071903927,0.8918367346938776,0.6985038720263588,0.29457364341085274,0.17592592592592593,0.00816326530612245,706,216,1,1,1.0,176,176.0
R03,42,S+C,12,final,2.3048650071903927,0.2932704896569783,0.1433572056957078,0.0,0.0,0.014925373134328358,841,171,2,0,0.0,0,
R03,42,S+C,14,final,2.3048650071903927,0.6355218349358974,0.17976118252434434,0.039473684210526314,0.0234375,0.026923076923076925,908,128,2,2,1.0,105,52.5
R03,42,S+C,17,final,2.3048650071903927,,,0.0,,0.34221598877980364,713,0,0,0,,0,
R03,42,S+P,03,final,5.260804285469929,,1.0,0.06876790830945559,0.03560830860534125,,674,674,1,1,1.0,0,0.0
R03,42,S+P,04,final,5.260804285469929,,1.0,0.23969072164948454,0.13616398243045388,,683,683,1,1,1.0,0,0.0
R03,42,S+P,05,final,5.260804285469929,0.820371894026658,0.5435718765976505,0.47619047619047616,0.3389830508474576,0.009708737864077669,574,59,1,1,1.0,12,12.0
R03,42,S+P,07,final,5.260804285469929,0.6666666666666666,0.8059858329502643,0.3510848126232742,0.21342925659472423,0.0037174721189591076,686,417,1,1,1.0,178,178.0
R03,42,S+P,08,final,5.260804285469929,0.48301404853128993,0.6193823551030825,0.1580135440180587,0.08641975308641975,0.010344827586206896,695,405,1,1,1.0,123,123.0
R03,42,S+P,09,final,5.260804285469929,0.41911816269284713,0.10456304747675557,0.0,0.0,0.014516129032258065,712,92,1,0,0.0,0,
R03,42,S+P,11,final,5.260804285469929,0.3800736961451247,0.37821363575482136,0.2814814814814815,0.17592592592592593,0.0326530612244898,706,216,1,1,1.0,178,178.0
R03,42,S+P,12,final,5.260804285469929,0.7112813127345727,0.32092973492536997,0.009259259259259259,0.005847953216374269,0.06567164179104477,841,171,2,1,0.5,30,30.0
R03,42,S+P,14,final,5.260804285469929,0.7246594551282051,0.253292004892132,0.09230769230769231,0.0703125,0.07435897435897436,908,128,2,1,0.5,40,40.0
R03,42,S+P,17,final,5.260804285469929,,,0.0,,0.05049088359046283,713,0,0,0,,0,
R03,42,S+C+P,03,final,5.260804285469929,,0.9999999999999999,0.09873060648801128,0.05192878338278932,,674,674,1,1,1.0,0,0.0
R03,42,S+C+P,04,final,5.260804285469929,,1.0000000000000002,0.23969072164948454,0.13616398243045388,,683,683,1,1,1.0,0,0.0
R03,42,S+C+P,05,final,5.260804285469929,0.8162251110745433,0.5383625275424593,0.47619047619047616,0.3389830508474576,0.009708737864077669,574,59,1,1,1.0,12,12.0
R03,42,S+C+P,07,final,5.260804285469929,0.6713469373200325,0.8073589677267943,0.3510848126232742,0.21342925659472423,0.0037174721189591076,686,417,1,1,1.0,178,178.0
R03,42,S+C+P,08,final,5.260804285469929,0.4839421030225628,0.6190300385126354,0.1580135440180587,0.08641975308641975,0.010344827586206896,695,405,1,1,1.0,123,123.0
R03,42,S+C+P,09,final,5.260804285469929,0.3719670406732118,0.09745867065332757,0.0,0.0,0.014516129032258065,712,92,1,0,0.0,0,
R03,42,S+C+P,11,final,5.260804285469929,0.4490173847316704,0.39633593856368143,0.2814814814814815,0.17592592592592593,0.0326530612244898,706,216,1,1,1.0,178,178.0
R03,42,S+C+P,12,final,5.260804285469929,0.7072924849437023,0.31732059161667403,0.009259259259259259,0.005847953216374269,0.06567164179104477,841,171,2,1,0.5,30,30.0
R03,42,S+C+P,14,final,5.260804285469929,0.7110276442307693,0.2483628545227059,0.09230769230769231,0.0703125,0.07435897435897436,908,128,2,1,0.5,40,40.0
R03,42,S+C+P,17,final,5.260804285469929,,,0.0,,0.14165497896213183,713,0,0,0,,0,
R03,42,S+C0,03,final,2.4584843215395273,,0.9999999999999999,0.15089163237311384,0.08160237388724036,,674,674,1,1,1.0,206,206.0
R03,42,S+C0,04,final,2.4584843215395273,,1.0,0.7803571428571429,0.6398243045387995,,683,683,1,1,1.0,0,0.0
R03,42,S+C0,05,final,2.4584843215395273,0.6439032417311173,0.16139548759549308,0.0,0.0,0.007766990291262136,574,59,1,0,0.0,0,
R03,42,S+C0,07,final,2.4584843215395273,0.8577554313426582,0.8655582730000271,0.11312217194570136,0.05995203836930456,0.0,686,417,1,1,1.0,82,82.0
R03,42,S+C0,08,final,2.4584843215395273,0.776653895274585,0.7476636986385493,0.009708737864077669,0.0049382716049382715,0.017241379310344827,695,405,1,1,1.0,201,201.0
R03,42,S+C0,09,final,2.4584843215395273,0.6660939691444601,0.16537985337627514,0.0,0.0,0.00967741935483871,712,92,1,0,0.0,0,
R03,42,S+C0,11,final,2.4584843215395273,0.8967592592592593,0.7135604719155091,0.27906976744186046,0.16666666666666666,0.012244897959183673,706,216,1,1,1.0,176,176.0
R03,42,S+C0,12,final,2.4584843215395273,0.28643623985336475,0.14132055922837886,0.0,0.0,0.022388059701492536,841,171,2,0,0.0,0,
R03,42,S+C0,14,final,2.4584843215395273,0.5775340544871794,0.15163432825821294,0.0,0.0,0.015384615384615385,908,128,2,0,0.0,0,
R03,42,S+C0,17,final,2.4584843215395273,,,0.0,,0.32538569424964936,713,0,0,0,,0,
R03,42,S+C0+P,03,final,5.260804285469929,,1.0,0.09335219236209336,0.04896142433234421,,674,674,1,1,1.0,0,0.0
R03,42,S+C0+P,04,final,5.260804285469929,,1.0,0.23969072164948454,0.13616398243045388,,683,683,1,1,1.0,0,0.0
R03,42,S+C0+P,05,final,5.260804285469929,0.8185617903570842,0.54300638680097,0.47619047619047616,0.3389830508474576,0.009708737864077669,574,59,1,1,1.0,12,12.0
R03,42,S+C0+P,07,final,5.260804285469929,0.6549303308282741,0.8025149292698062,0.3510848126232742,0.21342925659472423,0.0037174721189591076,686,417,1,1,1.0,178,178.0
R03,42,S+C0+P,08,final,5.260804285469929,0.4809919114516815,0.620191859114777,0.1580135440180587,0.08641975308641975,0.010344827586206896,695,405,1,1,1.0,123,123.0
R03,42,S+C0+P,09,final,5.260804285469929,0.3575648667601683,0.09548303653339182,0.0,0.0,0.014516129032258065,712,92,1,0,0.0,0,
R03,42,S+C0+P,11,final,5.260804285469929,0.45110071806500374,0.3972352529374046,0.2814814814814815,0.17592592592592593,0.0326530612244898,706,216,1,1,1.0,178,178.0
R03,42,S+C0+P,12,final,5.260804285469929,0.704403421489046,0.3140277622810276,0.009259259259259259,0.005847953216374269,0.06567164179104477,841,171,2,1,0.5,30,30.0
R03,42,S+C0+P,14,final,5.260804285469929,0.7115935496794872,0.24815852144977385,0.09230769230769231,0.0703125,0.07435897435897436,908,128,2,1,0.5,40,40.0
R03,42,S+C0+P,17,final,5.260804285469929,,,0.0,,0.13043478260869565,713,0,0,0,,0,
R03,42,C,03,final,1.9962339380520946,,0.9999999999999999,0.15089163237311384,0.08160237388724036,,674,674,1,1,1.0,0,0.0
R03,42,C,04,final,1.9962339380520946,,1.0,0.1414965986394558,0.07613469985358712,,683,683,1,1,1.0,0,0.0
R03,42,C,05,final,1.9962339380520946,0.6584498930393287,0.25491703439888314,0.30303030303030304,0.2542372881355932,0.04854368932038835,574,59,1,1,1.0,14,14.0
R03,42,C,07,final,1.9962339380520946,0.8965259019550159,0.9207549710414498,0.15077605321507762,0.0815347721822542,0.0,686,417,1,1,1.0,182,182.0
R03,42,C,08,final,1.9962339380520946,0.7443422733077906,0.6913447551550397,0.02403846153846154,0.012345679012345678,0.020689655172413793,695,405,1,1,1.0,148,148.0
R03,42,C,09,final,1.9962339380520946,0.7301893408134642,0.19616217349157633,0.0,0.0,0.0016129032258064516,712,92,1,0,0.0,0,
R03,42,C,11,final,1.9962339380520946,0.9485544217687075,0.8191898154105905,0.20491803278688525,0.11574074074074074,0.006122448979591836,706,216,1,1,1.0,176,176.0
R03,42,C,12,final,1.9962339380520946,0.3419045125250938,0.14868217154708863,0.0,0.0,0.023880597014925373,841,171,2,0,0.0,0,
R03,42,C,14,final,1.9962339380520946,0.6549078525641026,0.19144388282654853,0.05917159763313609,0.0390625,0.046153846153846156,908,128,2,2,1.0,67,33.5
R03,42,C,17,final,1.9962339380520946,,,0.0,,0.3534361851332398,713,0,0,0,,0,
R03,42,P,03,final,5.260804285469929,,1.0,0.06876790830945559,0.03560830860534125,,674,674,1,1,1.0,0,0.0
R03,42,P,04,final,5.260804285469929,,1.0,0.1132596685082873,0.060029282576866766,,683,683,1,1,1.0,0,0.0
R03,42,P,05,final,5.260804285469929,0.8220832647688004,0.5439314098854582,0.47619047619047616,0.3389830508474576,0.009708737864077669,574,59,1,1,1.0,12,12.0
R03,42,P,07,final,5.260804285469929,0.6539229582876449,0.8010301030586875,0.3510848126232742,0.21342925659472423,0.0037174721189591076,686,417,1,1,1.0,178,178.0
R03,42,P,08,final,5.260804285469929,0.4393571732652193,0.5998700385817921,0.1580135440180587,0.08641975308641975,0.010344827586206896,695,405,1,1,1.0,123,123.0
R03,42,P,09,final,5.260804285469929,0.4471511220196354,0.10921139926655846,0.0,0.0,0.014516129032258065,712,92,1,0,0.0,0,
R03,42,P,11,final,5.260804285469929,0.41936885865457296,0.38807434020848675,0.2814814814814815,0.17592592592592593,0.0326530612244898,706,216,1,1,1.0,178,178.0
R03,42,P,12,final,5.260804285469929,0.7217116173518373,0.32314803613439436,0.009259259259259259,0.005847953216374269,0.06567164179104477,841,171,2,1,0.5,30,30.0
R03,42,P,14,final,5.260804285469929,0.7281500400641026,0.2551593221125376,0.09230769230769231,0.0703125,0.07435897435897436,908,128,2,1,0.5,40,40.0
R03,42,P,17,final,5.260804285469929,,,0.0,,0.05049088359046283,713,0,0,0,,0,
R03,42,S+C_no_conf,03,final,3.830058161779204,,1.0,0.15846994535519127,0.08605341246290801,,674,674,1,1,1.0,0,0.0
R03,42,S+C_no_conf,04,final,3.830058161779204,,1.0,0.3321123321123321,0.19912152269399708,,683,683,1,1,1.0,0,0.0
R03,42,S+C_no_conf,05,final,3.830058161779204,0.7585815369425704,0.46445406916531884,0.41379310344827586,0.3050847457627119,0.019417475728155338,574,59,1,1,1.0,13,13.0
R03,42,S+C_no_conf,07,final,3.830058161779204,0.9671132982090166,0.9743596473019238,0.17903930131004367,0.09832134292565947,0.0,686,417,1,1,1.0,178,178.0
R03,42,S+C_no_conf,08,final,3.830058161779204,0.785530012771392,0.7578737295765209,0.02403846153846154,0.012345679012345678,0.020689655172413793,695,405,1,1,1.0,148,148.0
R03,42,S+C_no_conf,09,final,3.830058161779204,0.5509116409537167,0.1308901013413762,0.0,0.0,0.0,712,92,1,0,0.0,0,
R03,42,S+C_no_conf,11,final,3.830058161779204,0.9178382464096749,0.7621754202010486,0.29343629343629346,0.17592592592592593,0.01020408163265306,706,216,1,1,1.0,177,177.0
R03,42,S+C_no_conf,12,final,3.830058161779204,0.3718250851008117,0.15503957352371397,0.0,0.0,0.016417910447761194,841,171,2,0,0.0,0,
R03,42,S+C_no_conf,14,final,3.830058161779204,0.7745392628205128,0.2890665668250512,0.1437125748502994,0.09375,0.03461538461538462,908,128,2,2,1.0,61,30.5
R03,42,S+C_no_conf,17,final,3.830058161779204,,,0.0,,0.36044880785413747,713,0,0,0,,0,
R03,42,S+alignment,03,final,4.1033514967788856,,1.0,0.049204052098408106,0.025222551928783383,,674,674,1,1,1.0,222,222.0
R03,42,S+alignment,04,final,4.1033514967788856,,1.0,0.31773399014778325,0.18887262079062958,,683,683,1,1,1.0,196,196.0
R03,42,S+alignment,05,final,4.1033514967788856,0.49562284021721237,0.16120517428365294,0.2222222222222222,0.13559322033898305,0.009708737864077669,574,59,1,1,1.0,12,12.0
R03,42,S+alignment,07,final,4.1033514967788856,0.850266998297273,0.907730688172109,0.45185185185185184,0.29256594724220625,0.0037174721189591076,686,417,1,1,1.0,178,178.0
R03,42,S+alignment,08,final,4.1033514967788856,0.6340655598126862,0.7172287676609392,0.16777041942604856,0.09382716049382717,0.034482758620689655,695,405,1,1,1.0,110,110.0
R03,42,S+alignment,09,final,4.1033514967788856,0.0744828190743338,0.07216500206834384,0.0,0.0,0.0032258064516129032,712,92,1,0,0.0,0,
R03,42,S+alignment,11,final,4.1033514967788856,0.49623015873015874,0.4138760027992035,0.26262626262626265,0.18055555555555555,0.08571428571428572,706,216,1,1,1.0,177,177.0
R03,42,S+alignment,12,final,4.1033514967788856,0.4122894300427686,0.16200925929687168,0.02702702702702703,0.017543859649122806,0.07164179104477612,841,171,2,1,0.5,11,11.0
R03,42,S+alignment,14,final,4.1033514967788856,0.6606219951923078,0.21071109285990938,0.16759776536312848,0.1171875,0.046153846153846156,908,128,2,1,0.5,27,27.0
R03,42,S+alignment,17,final,4.1033514967788856,,,0.0,,0.08976157082748948,713,0,0,0,,0,
R03,42,S+innovation,03,final,4.257502176606144,,0.9999999999999999,0.11731843575418995,0.06231454005934718,,674,674,1,1,1.0,0,0.0
R03,42,S+innovation,04,final,4.257502176606144,,1.0,0.27307206068268014,0.1581259150805271,,683,683,1,1,1.0,0,0.0
R03,42,S+innovation,05,final,4.257502176606144,0.5818660523284516,0.27940775730082335,0.2926829268292683,0.2033898305084746,0.021359223300970873,574,59,1,1,1.0,13,13.0
R03,42,S+innovation,07,final,4.257502176606144,0.545554634359427,0.6931194282927984,0.20985010706638116,0.11750599520383694,0.0037174721189591076,686,417,1,1,1.0,181,181.0
R03,42,S+innovation,08,final,4.257502176606144,0.41543635589612604,0.5325789174464857,0.04326923076923077,0.022222222222222223,0.006896551724137931,695,405,1,1,1.0,142,142.0
R03,42,S+innovation,09,final,4.257502176606144,0.19699333800841512,0.08282373642030959,0.0,0.0,0.02903225806451613,712,92,1,0,0.0,0,
R03,42,S+innovation,11,final,4.257502176606144,0.37088529856387,0.240085640700319,0.008064516129032258,0.004629629629629629,0.06326530612244897,706,216,1,1,1.0,197,197.0
R03,42,S+innovation,12,final,4.257502176606144,0.7734965523260888,0.5699195239218525,0.021739130434782608,0.011695906432748537,0.016417910447761194,841,171,2,1,0.5,11,11.0
R03,42,S+innovation,14,final,4.257502176606144,0.6533603766025642,0.2005040420357131,0.13496932515337423,0.0859375,0.03076923076923077,908,128,2,1,0.5,31,31.0
R03,42,S+innovation,17,final,4.257502176606144,,,0.0,,0.015427769985974754,713,0,0,0,,0,
R03,42,S+progress,03,final,4.257502176606144,,0.9999999999999999,0.05483405483405483,0.028189910979228485,,674,674,1,1,1.0,1,1.0
R03,42,S+progress,04,final,4.257502176606144,,1.0,0.2351421188630491,0.13323572474377746,,683,683,1,1,1.0,1,1.0
R03,42,S+progress,05,final,4.257502176606144,0.8674839558992925,0.6739888736758939,0.5185185185185185,0.3559322033898305,0.001941747572815534,574,59,1,1,1.0,19,19.0
R03,42,S+progress,07,final,4.257502176606144,0.6939281288723668,0.763393094441621,0.14634146341463414,0.07913669064748201,0.0037174721189591076,686,417,1,1,1.0,184,184.0
R03,42,S+progress,08,final,4.257502176606144,0.649123031077054,0.6776728692290461,0.08037825059101655,0.04197530864197531,0.0034482758620689655,695,405,1,1,1.0,150,150.0
R03,42,S+progress,09,final,4.257502176606144,0.7140164796633941,0.18988568171487813,0.0,0.0,0.008064516129032258,712,92,1,0,0.0,0,
R03,42,S+progress,11,final,4.257502176606144,0.6105725623582766,0.3338285711525741,0.0,0.0,0.012244897959183673,706,216,1,0,0.0,0,
R03,42,S+progress,12,final,4.257502176606144,0.5303700794274243,0.22050458052903293,0.0,0.0,0.029850746268656716,841,171,2,0,0.0,0,
R03,42,S+progress,14,final,4.257502176606144,0.7217297676282052,0.28792388575301125,0.09836065573770492,0.0703125,0.05897435897435897,908,128,2,1,0.5,45,45.0
R03,42,S+progress,17,final,4.257502176606144,,,0.0,,0.029453015427769985,713,0,0,0,,0,
R03,43,S,03,final,2.242599156063879,,1.0,0.0,0.0,,674,674,1,0,0.0,0,
R03,43,S,04,final,2.242599156063879,,1.0,0.8738664468260511,0.7759882869692533,,683,683,1,1,1.0,0,0.0
R03,43,S,05,final,2.242599156063879,0.8145137403324008,0.23388115525665715,0.0,0.0,0.001941747572815534,574,59,1,0,0.0,0,
R03,43,S,07,final,2.242599156063879,0.6644691681598959,0.8021235147929342,0.004784688995215311,0.002398081534772182,0.0,686,417,1,1,1.0,82,82.0
R03,43,S,08,final,2.242599156063879,0.7352064708386548,0.7710592854240578,0.019417475728155338,0.009876543209876543,0.010344827586206896,695,405,1,1,1.0,183,183.0
R03,43,S,09,final,2.242599156063879,0.06949509116409539,0.07326569807068481,0.0,0.0,0.0032258064516129032,712,92,1,0,0.0,0,
R03,43,S,11,final,2.242599156063879,0.8027636054421768,0.5711088636775752,0.1908713692946058,0.10648148148148148,0.004081632653061225,706,216,1,1,1.0,184,184.0
R03,43,S,12,final,2.242599156063879,0.38638387012306885,0.16091036790804977,0.0,0.0,0.0014925373134328358,841,171,2,0,0.0,0,
R03,43,S,14,final,2.242599156063879,0.48740484775641024,0.1364924648763376,0.0,0.0,0.002564102564102564,908,128,2,0,0.0,0,
R03,43,S,17,final,2.242599156063879,,,0.0,,0.023842917251051893,713,0,0,0,,0,
R03,43,S+C,03,final,2.2927235432464474,,1.0,0.130374479889043,0.06973293768545995,,674,674,1,1,1.0,489,489.0
R03,43,S+C,04,final,2.2927235432464474,,1.0,0.8701406120760959,0.7701317715959004,,683,683,1,1,1.0,0,0.0
R03,43,S+C,05,final,2.2927235432464474,0.675135757775218,0.20006080019103856,0.22916666666666666,0.1864406779661017,0.05048543689320388,574,59,1,1,1.0,16,16.0
R03,43,S+C,07,final,2.2927235432464474,0.8820660943364268,0.9061160194026832,0.14666666666666667,0.07913669064748201,0.0,686,417,1,1,1.0,82,82.0
R03,43,S+C,08,final,2.2927235432464474,0.7930651340996169,0.7616167521095976,0.03349282296650718,0.01728395061728395,0.020689655172413793,695,405,1,1,1.0,150,150.0
R03,43,S+C,09,final,2.2927235432464474,0.7441269284712483,0.20404192166729834,0.0,0.0,0.0032258064516129032,712,92,1,0,0.0,0,
R03,43,S+C,11,final,2.2927235432464474,0.8924414210128495,0.6930745630297845,0.2868217054263566,0.1712962962962963,0.01020408163265306,706,216,1,1,1.0,177,177.0
R03,43,S+C,12,final,2.2927235432464474,0.28375665531989175,0.14219518784356222,0.0,0.0,0.008955223880597015,841,171,2,0,0.0,0,
R03,43,S+C,14,final,2.2927235432464474,0.644190705128205,0.18417678769354023,0.026490066225165563,0.015625,0.026923076923076925,908,128,2,1,0.5,43,43.0
R03,43,S+C,17,final,2.2927235432464474,,,0.0,,0.3436185133239832,713,0,0,0,,0,
R03,43,S+P,03,final,5.579258016588463,,1.0,0.020558002936857563,0.010385756676557863,,674,674,1,1,1.0,0,0.0
R03,43,S+P,04,final,5.579258016588463,,1.0,0.22827496757457846,0.12884333821376281,,683,683,1,1,1.0,0,0.0
R03,43,S+P,05,final,5.579258016588463,0.8137238769129505,0.550655762112338,0.4444444444444444,0.3050847457627119,0.007766990291262136,574,59,1,1,1.0,12,12.0
R03,43,S+P,07,final,5.579258016588463,0.665846504952172,0.8129789506178318,0.31048387096774194,0.18465227817745802,0.007434944237918215,686,417,1,1,1.0,178,178.0
R03,43,S+P,08,final,5.579258016588463,0.5014687100893997,0.6241545561256413,0.1409090909090909,0.07654320987654321,0.013793103448275862,695,405,1,1,1.0,123,123.0
R03,43,S+P,09,final,5.579258016588463,0.48039971949509114,0.1157884587056758,0.0,0.0,0.0032258064516129032,712,92,1,0,0.0,0,
R03,43,S+P,11,final,5.579258016588463,0.41905234315948603,0.3889736853098304,0.2835820895522388,0.17592592592592593,0.02857142857142857,706,216,1,1,1.0,178,178.0
R03,43,S+P,12,final,5.579258016588463,0.6985598324168631,0.30907085146134133,0.0,0.0,0.05970149253731343,841,171,2,0,0.0,0,
R03,43,S+P,14,final,5.579258016588463,0.736573517628205,0.2651571977498154,0.1,0.0703125,0.05512820512820513,908,128,2,1,0.5,45,45.0
R03,43,S+P,17,final,5.579258016588463,,,0.0,,0.04488078541374474,713,0,0,0,,0,
R03,43,S+C+P,03,final,5.579258016588463,,1.0,0.0463768115942029,0.02373887240356083,,674,674,1,1,1.0,0,0.0
R03,43,S+C+P,04,final,5.579258016588463,,1.0,0.22827496757457846,0.12884333821376281,,683,683,1,1,1.0,0,0.0
R03,43,S+C+P,05,final,5.579258016588463,0.8045252591739345,0.5290914794840116,0.4444444444444444,0.3050847457627119,0.007766990291262136,574,59,1,1,1.0,12,12.0
R03,43,S+C+P,07,final,5.579258016588463,0.6652759576725238,0.8128127449191429,0.31048387096774194,0.18465227817745802,0.007434944237918215,686,417,1,1,1.0,178,178.0
R03,43,S+C+P,08,final,5.579258016588463,0.5017198808003406,0.6234523975075672,0.1409090909090909,0.07654320987654321,0.013793103448275862,695,405,1,1,1.0,123,123.0
R03,43,S+C+P,09,final,5.579258016588463,0.4351507713884993,0.10707711646834489,0.0,0.0,0.0032258064516129032,712,92,1,0,0.0,0,
R03,43,S+C+P,11,final,5.579258016588463,0.46354402872260014,0.4017989938385601,0.2835820895522388,0.17592592592592593,0.02857142857142857,706,216,1,1,1.0,178,178.0
R03,43,S+C+P,12,final,5.579258016588463,0.6967443484332723,0.3078238915086271,0.0,0.0,0.05970149253731343,841,171,2,0,0.0,0,
R03,43,S+C+P,14,final,5.579258016588463,0.7128104967948719,0.2527668155199403,0.1,0.0703125,0.05512820512820513,908,128,2,1,0.5,45,45.0
R03,43,S+C+P,17,final,5.579258016588463,,,0.0,,0.09957924263674614,713,0,0,0,,0,
R03,43,S+C0,03,final,2.805603074662205,,0.9999999999999999,0.11731843575418995,0.06231454005934718,,674,674,1,1,1.0,206,206.0
R03,43,S+C0,04,final,2.805603074662205,,1.0,0.75591985428051,0.6076134699853587,,683,683,1,1,1.0,0,0.0
R03,43,S+C0,05,final,2.805603074662205,0.6230705940431134,0.1460114857861494,0.0,0.0,0.019417475728155338,574,59,1,0,0.0,0,
R03,43,S+C0,07,final,2.805603074662205,0.8510069268005669,0.8595794242211436,0.10022779043280182,0.05275779376498801,0.0,686,417,1,1,1.0,389,389.0
R03,43,S+C0,08,final,2.805603074662205,0.7738016177096637,0.7430442979205077,0.004901960784313725,0.0024691358024691358,0.006896551724137931,695,405,1,1,1.0,201,201.0
R03,43,S+C0,09,final,2.805603074662205,0.6814340813464236,0.1717825813109397,0.0,0.0,0.0032258064516129032,712,92,1,0,0.0,0,
R03,43,S+C0,11,final,2.805603074662205,0.8887188208616781,0.7011096864076446,0.23673469387755103,0.13425925925925927,0.0,706,216,1,1,1.0,176,176.0
R03,43,S+C0,12,final,2.805603074662205,0.29013703412760755,0.1425741004450102,0.0,0.0,0.010447761194029851,841,171,2,0,0.0,0,
R03,43,S+C0,14,final,2.805603074662205,0.5786308092948718,0.15078296894489174,0.0,0.0,0.007692307692307693,908,128,2,0,0.0,0,
R03,43,S+C0,17,final,2.805603074662205,,,0.0,,0.30995792426367463,713,0,0,0,,0,
R03,43,S+C0+P,03,final,5.579258016588463,,1.0,0.049204052098408106,0.025222551928783383,,674,674,1,1,1.0,0,0.0
R03,43,S+C0+P,04,final,5.579258016588463,,1.0,0.22827496757457846,0.12884333821376281,,683,683,1,1,1.0,0,0.0
R03,43,S+C0+P,05,final,5.579258016588463,0.8098897482310351,0.5477881569920793,0.4444444444444444,0.3050847457627119,0.007766990291262136,574,59,1,1,1.0,12,12.0
R03,43,S+C0+P,07,final,5.579258016588463,0.6524297290791902,0.8092770946556955,0.31048387096774194,0.18465227817745802,0.007434944237918215,686,417,1,1,1.0,178,178.0
R03,43,S+C0+P,08,final,5.579258016588463,0.495436355896126,0.6229068624143863,0.1409090909090909,0.07654320987654321,0.013793103448275862,695,405,1,1,1.0,123,123.0
R03,43,S+C0+P,09,final,5.579258016588463,0.41398141654978965,0.10357202455486908,0.0,0.0,0.0032258064516129032,712,92,1,0,0.0,0,
R03,43,S+C0+P,11,final,5.579258016588463,0.45435563114134536,0.39931757247525573,0.2835820895522388,0.17592592592592593,0.02857142857142857,706,216,1,1,1.0,178,178.0
R03,43,S+C0+P,12,final,5.579258016588463,0.6914637339617701,0.3016948099359646,0.0,0.0,0.05970149253731343,841,171,2,0,0.0,0,
R03,43,S+C0+P,14,final,5.579258016588463,0.7173677884615384,0.25816654813591566,0.1,0.0703125,0.05512820512820513,908,128,2,1,0.5,45,45.0
R03,43,S+C0+P,17,final,5.579258016588463,,,0.0,,0.08415147265077139,713,0,0,0,,0,
R03,43,C,03,final,2.0655012370279477,,0.9999999999999999,0.1329639889196676,0.0712166172106825,,674,674,1,1,1.0,489,489.0
R03,43,C,04,final,2.0655012370279477,,1.0,0.12362637362637363,0.06588579795021962,,683,683,1,1,1.0,442,442.0
R03,43,C,05,final,2.0655012370279477,0.6371235807141681,0.1811509515018322,0.24742268041237114,0.2033898305084746,0.05048543689320388,574,59,1,1,1.0,15,15.0
R03,43,C,07,final,2.0655012370279477,0.8807199593485062,0.9057077079733324,0.14666666666666667,0.07913669064748201,0.0,686,417,1,1,1.0,182,182.0
R03,43,C,08,final,2.0655012370279477,0.737037037037037,0.6794172673672161,0.01937046004842615,0.009876543209876543,0.013793103448275862,695,405,1,1,1.0,149,149.0
R03,43,C,09,final,2.0655012370279477,0.7753856942496493,0.2248300118139578,0.0,0.0,0.0,712,92,1,0,0.0,0,
R03,43,C,11,final,2.0655012370279477,0.950925925925926,0.8240277865355273,0.1440677966101695,0.0787037037037037,0.006122448979591836,706,216,1,1,1.0,176,176.0
R03,43,C,12,final,2.0655012370279477,0.34141572837566553,0.14866271814175652,0.0,0.0,0.013432835820895522,841,171,2,0,0.0,0,
R03,43,C,14,final,2.0655012370279477,0.668329326923077,0.19888771920900622,0.03821656050955414,0.0234375,0.03333333333333333,908,128,2,2,1.0,104,52.0
R03,43,C,17,final,2.0655012370279477,,,0.0,,0.3548387096774194,713,0,0,0,,0,
R03,43,P,03,final,5.579258016588463,,1.0,0.020558002936857563,0.010385756676557863,,674,674,1,1,1.0,0,0.0
R03,43,P,04,final,5.579258016588463,,1.0,0.1184573002754821,0.0629575402635432,,683,683,1,1,1.0,0,0.0
R03,43,P,05,final,5.579258016588463,0.8208820141517195,0.5522014021133985,0.4444444444444444,0.3050847457627119,0.007766990291262136,574,59,1,1,1.0,12,12.0
R03,43,P,07,final,5.579258016588463,0.6508206074545568,0.8073322895404649,0.31048387096774194,0.18465227817745802,0.007434944237918215,686,417,1,1,1.0,178,178.0
R03,43,P,08,final,5.579258016588463,0.4564708386547467,0.6042626228459449,0.1409090909090909,0.07654320987654321,0.013793103448275862,695,405,1,1,1.0,123,123.0
R03,43,P,09,final,5.579258016588463,0.5098965638148667,0.12185261770685159,0.0,0.0,0.0032258064516129032,712,92,1,0,0.0,0,
R03,43,P,11,final,5.579258016588463,0.4561555177626606,0.3993143528802862,0.2835820895522388,0.17592592592592593,0.02857142857142857,706,216,1,1,1.0,178,178.0
R03,43,P,12,final,5.579258016588463,0.7095443833464257,0.31149668042103573,0.0,0.0,0.05970149253731343,841,171,2,0,0.0,0,
R03,43,P,14,final,5.579258016588463,0.7419370993589745,0.2677541218096146,0.1,0.0703125,0.05512820512820513,908,128,2,1,0.5,45,45.0
R03,43,P,17,final,5.579258016588463,,,0.0,,0.04488078541374474,713,0,0,0,,0,
R03,43,S+C_no_conf,03,final,3.787498547360408,,1.0,0.14580467675378267,0.07863501483679525,,674,674,1,1,1.0,0,0.0
R03,43,S+C_no_conf,04,final,3.787498547360408,,1.0,0.32598039215686275,0.19472913616398244,,683,683,1,1,1.0,0,0.0
R03,43,S+C_no_conf,05,final,3.787498547360408,0.7303932861609347,0.4047811736258005,0.32653061224489793,0.2711864406779661,0.04466019417475728,574,59,1,1,1.0,13,13.0
R03,43,S+C_no_conf,07,final,3.787498547360408,0.9524885667674039,0.9614142643203423,0.1830065359477124,0.10071942446043165,0.0,686,417,1,1,1.0,175,175.0
R03,43,S+C_no_conf,08,final,3.787498547360408,0.775044699872286,0.7475974720570062,0.01937046004842615,0.009876543209876543,0.013793103448275862,695,405,1,1,1.0,149,149.0
R03,43,S+C_no_conf,09,final,3.787498547360408,0.6145511921458625,0.14964491192327561,0.0,0.0,0.0,712,92,1,0,0.0,0,
R03,43,S+C_no_conf,11,final,3.787498547360408,0.911578798185941,0.7528506676901102,0.2923076923076923,0.17592592592592593,0.012244897959183673,706,216,1,1,1.0,177,177.0
R03,43,S+C_no_conf,12,final,3.787498547360408,0.35176747839748623,0.15079018522205684,0.0,0.0,0.010447761194029851,841,171,2,0,0.0,0,
R03,43,S+C_no_conf,14,final,3.787498547360408,0.7997195512820513,0.3209679371839318,0.16049382716049382,0.1015625,0.026923076923076925,908,128,2,2,1.0,94,47.0
R03,43,S+C_no_conf,17,final,3.787498547360408,,,0.0,,0.36044880785413747,713,0,0,0,,0,
R03,43,S+alignment,03,final,3.251980311004046,,1.0,0.06599713055954089,0.03412462908011869,,674,674,1,1,1.0,222,222.0
R03,43,S+alignment,04,final,3.251980311004046,,1.0,0.44419134396355353,0.28550512445095166,,683,683,1,1,1.0,0,0.0
R03,43,S+alignment,05,final,3.251980311004046,0.5068783939443804,0.17945379778716686,0.1388888888888889,0.0847457627118644,0.015533980582524271,574,59,1,1,1.0,12,12.0
R03,43,S+alignment,07,final,3.251980311004046,0.8413700266552557,0.8974675444793937,0.5611015490533563,0.3908872901678657,0.0037174721189591076,686,417,1,1,1.0,178,178.0
R03,43,S+alignment,08,final,3.251980311004046,0.6613026819923371,0.7255953123137449,0.17543859649122806,0.09876543209876543,0.03793103448275862,695,405,1,1,1.0,110,110.0
R03,43,S+alignment,09,final,3.251980311004046,0.06402524544179522,0.07159852011311335,0.0,0.0,0.0016129032258064516,712,92,1,0,0.0,0,
R03,43,S+alignment,11,final,3.251980311004046,0.49581443688586546,0.41399973088877956,0.25573770491803277,0.18055555555555555,0.10204081632653061,706,216,1,1,1.0,177,177.0
R03,43,S+alignment,12,final,3.251980311004046,0.2598105961420965,0.13481558883244601,0.034934497816593885,0.023391812865497075,0.08059701492537313,841,171,2,1,0.5,11,11.0
R03,43,S+alignment,14,final,3.251980311004046,0.6139523237179487,0.2045837263959256,0.16216216216216217,0.1171875,0.05384615384615385,908,128,2,1,0.5,27,27.0
R03,43,S+alignment,17,final,3.251980311004046,,,0.0,,0.10659186535764376,713,0,0,0,,0,
R03,43,S+innovation,03,final,3.8974994425747367,,0.9999999999999999,0.08250355618776671,0.04302670623145401,,674,674,1,1,1.0,0,0.0
R03,43,S+innovation,04,final,3.8974994425747367,,1.0,0.2531969309462916,0.14494875549048317,,683,683,1,1,1.0,0,0.0
R03,43,S+innovation,05,final,3.8974994425747367,0.5832318578245845,0.2700069037989829,0.26373626373626374,0.2033898305084746,0.038834951456310676,574,59,1,1,1.0,13,13.0
R03,43,S+innovation,07,final,3.8974994425747367,0.5466511549125013,0.6911832617748461,0.2021505376344086,0.11270983213429256,0.0037174721189591076,686,417,1,1,1.0,181,181.0
R03,43,S+innovation,08,final,3.8974994425747367,0.41880800340570457,0.5318697280634248,0.03855421686746988,0.019753086419753086,0.006896551724137931,695,405,1,1,1.0,142,142.0
R03,43,S+innovation,09,final,3.8974994425747367,0.15859922861150072,0.08138345558032681,0.0,0.0,0.025806451612903226,712,92,1,0,0.0,0,
R03,43,S+innovation,11,final,3.8974994425747367,0.4014786470143613,0.24724584593402718,0.008130081300813009,0.004629629629629629,0.05918367346938776,706,216,1,1,1.0,197,197.0
R03,43,S+innovation,12,final,3.8974994425747367,0.7552326088853976,0.5102012706214236,0.011111111111111112,0.005847953216374269,0.011940298507462687,841,171,2,1,0.5,11,11.0
R03,43,S+innovation,14,final,3.8974994425747367,0.6409455128205128,0.19543896702950317,0.1111111111111111,0.0703125,0.03205128205128205,908,128,2,1,0.5,36,36.0
R03,43,S+innovation,17,final,3.8974994425747367,,,0.0,,0.016830294530154277,713,0,0,0,,0,
R03,43,S+progress,03,final,4.326495048093095,,1.0,0.02346041055718475,0.011869436201780416,,674,674,1,1,1.0,4,4.0
R03,43,S+progress,04,final,4.326495048093095,,1.0,0.21204188481675393,0.11859443631039532,,683,683,1,1,1.0,1,1.0
R03,43,S+progress,05,final,4.326495048093095,0.8419121276945861,0.656228733719347,0.4810126582278481,0.3220338983050847,0.001941747572815534,574,59,1,1,1.0,19,19.0
R03,43,S+progress,07,final,4.326495048093095,0.7073137029409929,0.7865973412254578,0.1504424778761062,0.0815347721822542,0.0037174721189591076,686,417,1,1,1.0,184,184.0
R03,43,S+progress,08,final,4.326495048093095,0.6935121328224777,0.7179673495407928,0.08037825059101655,0.04197530864197531,0.0034482758620689655,695,405,1,1,1.0,150,150.0
R03,43,S+progress,09,final,4.326495048093095,0.7226157082748947,0.19406129366778066,0.0,0.0,0.008064516129032258,712,92,1,0,0.0,0,
R03,43,S+progress,11,final,4.326495048093095,0.618291761148904,0.33733453571664584,0.0,0.0,0.01020408163265306,706,216,1,0,0.0,0,
R03,43,S+progress,12,final,4.326495048093095,0.5569913589945013,0.22746220611495438,0.0,0.0,0.026865671641791045,841,171,2,0,0.0,0,
R03,43,S+progress,14,final,4.326495048093095,0.7209334935897436,0.2924534612647504,0.10989010989010989,0.078125,0.05641025641025641,908,128,2,1,0.5,44,44.0
R03,43,S+progress,17,final,4.326495048093095,,,0.0,,0.028050490883590462,713,0,0,0,,0,
R03,44,S,03,final,2.242599156063879,,1.0,0.0,0.0,,674,674,1,0,0.0,0,
R03,44,S,04,final,2.242599156063879,,1.0,0.8738664468260511,0.7759882869692533,,683,683,1,1,1.0,0,0.0
R03,44,S,05,final,2.242599156063879,0.8145137403324008,0.23388115525665715,0.0,0.0,0.001941747572815534,574,59,1,0,0.0,0,
R03,44,S,07,final,2.242599156063879,0.6644691681598959,0.8021235147929342,0.004784688995215311,0.002398081534772182,0.0,686,417,1,1,1.0,82,82.0
R03,44,S,08,final,2.242599156063879,0.7352064708386548,0.7710592854240578,0.019417475728155338,0.009876543209876543,0.010344827586206896,695,405,1,1,1.0,183,183.0
R03,44,S,09,final,2.242599156063879,0.06949509116409539,0.07326569807068481,0.0,0.0,0.0032258064516129032,712,92,1,0,0.0,0,
R03,44,S,11,final,2.242599156063879,0.8027636054421768,0.5711088636775752,0.1908713692946058,0.10648148148148148,0.004081632653061225,706,216,1,1,1.0,184,184.0
R03,44,S,12,final,2.242599156063879,0.38638387012306885,0.16091036790804977,0.0,0.0,0.0014925373134328358,841,171,2,0,0.0,0,
R03,44,S,14,final,2.242599156063879,0.48740484775641024,0.1364924648763376,0.0,0.0,0.002564102564102564,908,128,2,0,0.0,0,
R03,44,S,17,final,2.242599156063879,,,0.0,,0.023842917251051893,713,0,0,0,,0,
R03,44,S+C,03,final,2.8257736843009944,,1.0,0.11731843575418995,0.06231454005934718,,674,674,1,1,1.0,0,0.0
R03,44,S+C,04,final,2.8257736843009944,,1.0,0.7593097184377838,0.6120058565153733,,683,683,1,1,1.0,0,0.0
R03,44,S+C,05,final,2.8257736843009944,0.6804015139048873,0.2577104110951097,0.2608695652173913,0.2033898305084746,0.040776699029126215,574,59,1,1,1.0,16,16.0
R03,44,S+C,07,final,2.8257736843009944,0.8990666203097002,0.9203394201296693,0.1258426966292135,0.0671462829736211,0.0,686,417,1,1,1.0,182,182.0
R03,44,S+C,08,final,2.8257736843009944,0.7863686675180929,0.7596533196226484,0.014634146341463415,0.007407407407407408,0.006896551724137931,695,405,1,1,1.0,151,151.0
R03,44,S+C,09,final,2.8257736843009944,0.7174263674614306,0.18941584435081876,0.0,0.0,0.0,712,92,1,0,0.0,0,
R03,44,S+C,11,final,2.8257736843009944,0.8849017384731671,0.6942365000020397,0.23673469387755103,0.13425925925925927,0.0,706,216,1,1,1.0,180,180.0
R03,44,S+C,12,final,2.8257736843009944,0.28991882691804133,0.14344252530428817,0.0,0.0,0.007462686567164179,841,171,2,0,0.0,0,
R03,44,S+C,14,final,2.8257736843009944,0.6112429887820512,0.1639140999347341,0.013605442176870748,0.0078125,0.023076923076923078,908,128,2,1,0.5,43,43.0
R03,44,S+C,17,final,2.8257736843009944,,,0.0,,0.32538569424964936,713,0,0,0,,0,
R03,44,S+P,03,final,5.712789409212986,,1.0,0.03498542274052478,0.017804154302670624,,674,674,1,1,1.0,0,0.0
R03,44,S+P,04,final,5.712789409212986,,1.0,0.21671018276762402,0.12152269399707175,,683,683,1,1,1.0,0,0.0
R03,44,S+P,05,final,5.712789409212986,0.8251933519828862,0.6122575465757988,0.5517241379310345,0.4067796610169492,0.007766990291262136,574,59,1,1,1.0,12,12.0
R03,44,S+P,07,final,5.712789409212986,0.7058026441300491,0.8245130481416809,0.2721649484536082,0.15827338129496402,0.007434944237918215,686,417,1,1,1.0,178,178.0
R03,44,S+P,08,final,5.712789409212986,0.5119114516815666,0.618567980154549,0.08,0.04197530864197531,0.010344827586206896,695,405,1,1,1.0,152,152.0
R03,44,S+P,09,final,5.712789409212986,0.5148930575035063,0.12352996412327075,0.0,0.0,0.0032258064516129032,712,92,1,0,0.0,0,
R03,44,S+P,11,final,5.712789409212986,0.4792658730158731,0.4055957842236688,0.2781954887218045,0.1712962962962963,0.026530612244897958,706,216,1,1,1.0,179,179.0
R03,44,S+P,12,final,5.712789409212986,0.7155058043117745,0.3286203543951283,0.0,0.0,0.04029850746268657,841,171,2,0,0.0,0,
R03,44,S+P,14,final,5.712789409212986,0.728896233974359,0.2678261644329124,0.12021857923497267,0.0859375,0.05641025641025641,908,128,2,1,0.5,0,0.0
R03,44,S+P,17,final,5.712789409212986,,,0.0,,0.03927068723702665,713,0,0,0,,0,
R03,44,S+C+P,03,final,5.712789409212986,,1.0,0.05202312138728324,0.026706231454005934,,674,674,1,1,1.0,0,0.0
R03,44,S+C+P,04,final,5.712789409212986,,1.0,0.21671018276762402,0.12152269399707175,,683,683,1,1,1.0,0,0.0
R03,44,S+C+P,05,final,5.712789409212986,0.8272338324831332,0.6087882591896494,0.5681818181818182,0.423728813559322,0.007766990291262136,574,59,1,1,1.0,12,12.0
R03,44,S+C+P,07,final,5.712789409212986,0.7055485722945807,0.8244392722689563,0.2721649484536082,0.15827338129496402,0.007434944237918215,686,417,1,1,1.0,178,178.0
R03,44,S+C+P,08,final,5.712789409212986,0.5097999148573862,0.6168576413700861,0.08,0.04197530864197531,0.010344827586206896,695,405,1,1,1.0,152,152.0
R03,44,S+C+P,09,final,5.712789409212986,0.4791549789621319,0.11584134667461884,0.0,0.0,0.0032258064516129032,712,92,1,0,0.0,0,
R03,44,S+C+P,11,final,5.712789409212986,0.4926729024943311,0.4096292225055418,0.2781954887218045,0.1712962962962963,0.026530612244897958,706,216,1,1,1.0,179,179.0
R03,44,S+C+P,12,final,5.712789409212986,0.7141136423147421,0.3263341176515636,0.0,0.0,0.04029850746268657,841,171,2,0,0.0,0,
R03,44,S+C+P,14,final,5.712789409212986,0.7053886217948717,0.25651301535679094,0.12021857923497267,0.0859375,0.05641025641025641,908,128,2,1,0.5,0,0.0
R03,44,S+C+P,17,final,5.712789409212986,,,0.0,,0.0785413744740533,713,0,0,0,,0,
R03,44,S+C0,03,final,2.9566458874177073,,0.9999999999999999,0.10407876230661041,0.05489614243323442,,674,674,1,1,1.0,630,630.0
R03,44,S+C0,04,final,2.9566458874177073,,1.0,0.7513711151736746,0.6017569546120058,,683,683,1,1,1.0,0,0.0
R03,44,S+C0,05,final,2.9566458874177073,0.6239262794141845,0.14698314175104019,0.0,0.0,0.009708737864077669,574,59,1,0,0.0,0,
R03,44,S+C0,07,final,2.9566458874177073,0.8580139605787489,0.8678585746277203,0.0871559633027523,0.045563549160671464,0.0,686,417,1,1,1.0,391,391.0
R03,44,S+C0,08,final,2.9566458874177073,0.7734269902085995,0.7440453071769272,0.009779951100244499,0.0049382716049382715,0.006896551724137931,695,405,1,1,1.0,200,200.0
R03,44,S+C0,09,final,2.9566458874177073,0.6603786816269285,0.1628379909083678,0.0,0.0,0.0032258064516129032,712,92,1,0,0.0,0,
R03,44,S+C0,11,final,2.9566458874177073,0.8820389266817839,0.6768082927001822,0.1908713692946058,0.10648148148148148,0.004081632653061225,706,216,1,1,1.0,178,178.0
R03,44,S+C0,12,final,2.9566458874177073,0.27880771580693026,0.14076006730651783,0.0,0.0,0.014925373134328358,841,171,2,0,0.0,0,
R03,44,S+C0,14,final,2.9566458874177073,0.5763271233974359,0.15057508855522725,0.0,0.0,0.007692307692307693,908,128,2,0,0.0,0,
R03,44,S+C0,17,final,2.9566458874177073,,,0.0,,0.2805049088359046,713,0,0,0,,0,
R03,44,S+C0+P,03,final,5.712789409212986,,1.0,0.049204052098408106,0.025222551928783383,,674,674,1,1,1.0,0,0.0
R03,44,S+C0+P,04,final,5.712789409212986,,1.0,0.21671018276762402,0.12152269399707175,,683,683,1,1,1.0,0,0.0
R03,44,S+C0+P,05,final,5.712789409212986,0.8224123745269047,0.6097065837098722,0.5517241379310345,0.4067796610169492,0.007766990291262136,574,59,1,1,1.0,12,12.0
R03,44,S+C0+P,07,final,5.712789409212986,0.6978149822149715,0.8221812450442333,0.2721649484536082,0.15827338129496402,0.007434944237918215,686,417,1,1,1.0,178,178.0
R03,44,S+C0+P,08,final,5.712789409212986,0.5034738186462324,0.6163726354333672,0.08,0.04197530864197531,0.010344827586206896,695,405,1,1,1.0,152,152.0
R03,44,S+C0+P,09,final,5.712789409212986,0.4620178821879383,0.11245309793787273,0.0,0.0,0.0032258064516129032,712,92,1,0,0.0,0,
R03,44,S+C0+P,11,final,5.712789409212986,0.48795823885109596,0.408031011556226,0.2781954887218045,0.1712962962962963,0.026530612244897958,706,216,1,1,1.0,179,179.0
R03,44,S+C0+P,12,final,5.712789409212986,0.7059221436676268,0.3163767545097272,0.0,0.0,0.04029850746268657,841,171,2,0,0.0,0,
R03,44,S+C0+P,14,final,5.712789409212986,0.7096955128205128,0.2609141895675874,0.12021857923497267,0.0859375,0.05641025641025641,908,128,2,1,0.5,0,0.0
R03,44,S+C0+P,17,final,5.712789409212986,,,0.0,,0.07573632538569425,713,0,0,0,,0,
R03,44,C,03,final,2.812360883049652,,0.9999999999999999,0.11731843575418995,0.06231454005934718,,674,674,1,1,1.0,0,0.0
R03,44,C,04,final,2.812360883049652,,1.0,0.11065006915629322,0.05856515373352855,,683,683,1,1,1.0,642,642.0
R03,44,C,05,final,2.812360883049652,0.6478525588283692,0.24382013959782284,0.2608695652173913,0.2033898305084746,0.040776699029126215,574,59,1,1,1.0,16,16.0
R03,44,C,07,final,2.812360883049652,0.8984871582288072,0.9198761759697539,0.1258426966292135,0.0671462829736211,0.0,686,417,1,1,1.0,182,182.0
R03,44,C,08,final,2.812360883049652,0.7388590889740315,0.6918494771032289,0.014634146341463415,0.007407407407407408,0.006896551724137931,695,405,1,1,1.0,151,151.0
R03,44,C,09,final,2.812360883049652,0.75,0.20849651135372388,0.0,0.0,0.0,712,92,1,0,0.0,0,
R03,44,C,11,final,2.812360883049652,0.9406746031746032,0.7934090994891623,0.11353711790393013,0.06018518518518518,0.0,706,216,1,1,1.0,180,180.0
R03,44,C,12,final,2.812360883049652,0.34404294317884265,0.1495969363612609,0.0,0.0,0.007462686567164179,841,171,2,0,0.0,0,
R03,44,C,14,final,2.812360883049652,0.6088141025641026,0.1642390659446666,0.013605442176870748,0.0078125,0.023076923076923078,908,128,2,1,0.5,43,43.0
R03,44,C,17,final,2.812360883049652,,,0.0,,0.32398316970546986,713,0,0,0,,0,
R03,44,P,03,final,5.712789409212986,,0.9999999999999999,0.03498542274052478,0.017804154302670624,,674,674,1,1,1.0,0,0.0
R03,44,P,04,final,5.712789409212986,,1.0,0.11065006915629322,0.05856515373352855,,683,683,1,1,1.0,0,0.0
R03,44,P,05,final,5.712789409212986,0.8311337831166693,0.6137183349400674,0.5517241379310345,0.4067796610169492,0.007766990291262136,574,59,1,1,1.0,12,12.0
R03,44,P,07,final,5.712789409212986,0.6910486480703912,0.8186182594102667,0.2721649484536082,0.15827338129496402,0.007434944237918215,686,417,1,1,1.0,178,178.0
R03,44,P,08,final,5.712789409212986,0.4673478075776927,0.5988683539906574,0.08,0.04197530864197531,0.010344827586206896,695,405,1,1,1.0,152,152.0
R03,44,P,09,final,5.712789409212986,0.5378506311360449,0.12875906981947485,0.0,0.0,0.0032258064516129032,712,92,1,0,0.0,0,
R03,44,P,11,final,5.712789409212986,0.5177154195011338,0.41824797881912557,0.2781954887218045,0.1712962962962963,0.026530612244897958,706,216,1,1,1.0,179,179.0
R03,44,P,12,final,5.712789409212986,0.7255520642402025,0.3308022709914138,0.0,0.0,0.04029850746268657,841,171,2,0,0.0,0,
R03,44,P,14,final,5.712789409212986,0.7342497996794872,0.2701254361110591,0.12021857923497267,0.0859375,0.05641025641025641,908,128,2,1,0.5,0,0.0
R03,44,P,17,final,5.712789409212986,,,0.0,,0.03927068723702665,713,0,0,0,,0,
R03,44,S+C_no_conf,03,final,5.356114465274254,,1.0,0.096045197740113,0.050445103857566766,,674,674,1,1,1.0,0,0.0
R03,44,S+C_no_conf,04,final,5.356114465274254,,1.0,0.23056994818652848,0.13030746705710103,,683,683,1,1,1.0,301,301.0
R03,44,S+C_no_conf,05,final,5.356114465274254,0.7487740661510615,0.429727839082329,0.36585365853658536,0.2542372881355932,0.015533980582524271,574,59,1,1,1.0,13,13.0
R03,44,S+C_no_conf,07,final,5.356114465274254,0.9630570636427661,0.9698066560936026,0.16703296703296702,0.09112709832134293,0.0,686,417,1,1,1.0,178,178.0
R03,44,S+C_no_conf,08,final,5.356114465274254,0.7687228607918263,0.7572932216892533,0.04807692307692308,0.024691358024691357,0.0034482758620689655,695,405,1,1,1.0,142,142.0
R03,44,S+C_no_conf,09,final,5.356114465274254,0.5711430575035064,0.13637173896571136,0.0,0.0,0.0,712,92,1,0,0.0,0,
R03,44,S+C_no_conf,11,final,5.356114465274254,0.8962207105064248,0.7215966181615312,0.2857142857142857,0.16666666666666666,0.0,706,216,1,1,1.0,180,180.0
R03,44,S+C_no_conf,12,final,5.356114465274254,0.3861743912018853,0.1584010384563912,0.0,0.0,0.007462686567164179,841,171,2,0,0.0,0,
R03,44,S+C_no_conf,14,final,5.356114465274254,0.7187900641025642,0.21575295391871435,0.013605442176870748,0.0078125,0.023076923076923078,908,128,2,1,0.5,43,43.0
R03,44,S+C_no_conf,17,final,5.356114465274254,,,0.0,,0.3267882187938289,713,0,0,0,,0,
R03,44,S+alignment,03,final,3.094351366800463,,1.0,0.0715307582260372,0.037091988130563795,,674,674,1,1,1.0,222,222.0
R03,44,S+alignment,04,final,3.094351366800463,,1.0,0.7375231053604436,0.5841874084919473,,683,683,1,1,1.0,0,0.0
R03,44,S+alignment,05,final,3.094351366800463,0.46988645713345406,0.1656369538660672,0.1891891891891892,0.11864406779661017,0.015533980582524271,574,59,1,1,1.0,11,11.0
R03,44,S+alignment,07,final,3.094351366800463,0.8754334822105141,0.9215816926187544,0.5150976909413855,0.34772182254196643,0.0037174721189591076,686,417,1,1,1.0,178,178.0
R03,44,S+alignment,08,final,3.094351366800463,0.6695742869306087,0.7111728997201615,0.12134831460674157,0.06666666666666667,0.04482758620689655,695,405,1,1,1.0,119,119.0
R03,44,S+alignment,09,final,3.094351366800463,0.09375876577840112,0.07316245994666144,0.0,0.0,0.004838709677419355,712,92,1,0,0.0,0,
R03,44,S+alignment,11,final,3.094351366800463,0.540702947845805,0.42858878606334816,0.2565789473684211,0.18055555555555555,0.1,706,216,1,1,1.0,177,177.0
R03,44,S+alignment,12,final,3.094351366800463,0.2896831631317099,0.14000937655135656,0.017467248908296942,0.011695906432748537,0.08358208955223881,841,171,2,1,0.5,11,11.0
R03,44,S+alignment,14,final,3.094351366800463,0.6282702323717949,0.21048112913864217,0.14942528735632185,0.1015625,0.04230769230769231,908,128,2,1,0.5,27,27.0
R03,44,S+alignment,17,final,3.094351366800463,,,0.0,,0.11079943899018233,713,0,0,0,,0,
R03,44,S+innovation,03,final,4.257502176606144,,1.0,0.11204481792717087,0.05934718100890208,,674,674,1,1,1.0,0,0.0
R03,44,S+innovation,04,final,4.257502176606144,,1.0,0.27525252525252525,0.1595900439238653,,683,683,1,1,1.0,0,0.0
R03,44,S+innovation,05,final,4.257502176606144,0.6058087872305413,0.2990798409716765,0.3132530120481928,0.22033898305084745,0.021359223300970873,574,59,1,1,1.0,12,12.0
R03,44,S+innovation,07,final,4.257502176606144,0.5592745134747221,0.7057064235915642,0.21367521367521367,0.11990407673860912,0.0037174721189591076,686,417,1,1,1.0,181,181.0
R03,44,S+innovation,08,final,4.257502176606144,0.44246062154108123,0.546170934455581,0.05263157894736842,0.027160493827160494,0.006896551724137931,695,405,1,1,1.0,142,142.0
R03,44,S+innovation,09,final,4.257502176606144,0.1969758064516129,0.0833798256443934,0.0,0.0,0.04032258064516129,712,92,1,0,0.0,0,
R03,44,S+innovation,11,final,4.257502176606144,0.4098639455782313,0.25022558202836037,0.0,0.0,0.0836734693877551,706,216,1,0,0.0,0,
R03,44,S+innovation,12,final,4.257502176606144,0.7636554071746531,0.5550303617359721,0.022099447513812154,0.011695906432748537,0.011940298507462687,841,171,2,1,0.5,11,11.0
R03,44,S+innovation,14,final,4.257502176606144,0.6349959935897436,0.19044360646119235,0.1125,0.0703125,0.029487179487179487,908,128,2,1,0.5,31,31.0
R03,44,S+innovation,17,final,4.257502176606144,,,0.0,,0.016830294530154277,713,0,0,0,,0,
R03,44,S+progress,03,final,4.950649357166089,,1.0,0.02346041055718475,0.011869436201780416,,674,674,1,1,1.0,4,4.0
R03,44,S+progress,04,final,4.950649357166089,,1.0,0.14654002713704206,0.07906295754026355,,683,683,1,1,1.0,4,4.0
R03,44,S+progress,05,final,4.950649357166089,0.8641928583182491,0.661053257819757,0.5365853658536586,0.3728813559322034,0.001941747572815534,574,59,1,1,1.0,22,22.0
R03,44,S+progress,07,final,4.950649357166089,0.6998208124949853,0.77066992394598,0.1504424778761062,0.0815347721822542,0.0037174721189591076,686,417,1,1,1.0,184,184.0
R03,44,S+progress,08,final,4.950649357166089,0.6814346530438484,0.7071665104103012,0.08037825059101655,0.04197530864197531,0.0034482758620689655,695,405,1,1,1.0,152,152.0
R03,44,S+progress,09,final,4.950649357166089,0.7313025946704067,0.199250939985884,0.0,0.0,0.008064516129032258,712,92,1,0,0.0,0,
R03,44,S+progress,11,final,4.950649357166089,0.6524896069538926,0.3588457333817231,0.0,0.0,0.01020408163265306,706,216,1,0,0.0,0,
R03,44,S+progress,12,final,4.950649357166089,0.5390241773588199,0.2207014832323285,0.0,0.0,0.025373134328358207,841,171,2,0,0.0,0,
R03,44,S+progress,14,final,4.950649357166089,0.7349158653846154,0.3025901716401823,0.12154696132596685,0.0859375,0.05384615384615385,908,128,2,1,0.5,0,0.0
R03,44,S+progress,17,final,4.950649357166089,,,0.0,,0.02664796633941094,713,0,0,0,,0,
R04,42,S,01,final,13.19940133611044,0.2289189189189189,0.5748305389462796,0.0,0.0,0.0,411,300,1,0,0.0,0,
R04,42,S,03,final,13.19940133611044,0.75547711781889,0.9424267772078055,0.0,0.0,0.0,381,316,1,0,0.0,0,
R04,42,S,04,final,13.19940133611044,0.7731346191311125,0.547212255727487,0.0,0.0,0.0,379,118,1,0,0.0,0,
R04,42,S,06,final,13.19940133611044,0.48236656490156854,0.8330780408389695,0.0,0.0,0.0,505,413,1,0,0.0,0,
R04,42,S,11,final,13.19940133611044,0.6453339725151805,0.3404873233268129,0.0,0.0,0.0,424,126,2,0,0.0,0,
R04,42,S,13,final,13.19940133611044,0.9613782771535582,0.9903746448389367,0.0,0.0,0.0,464,375,1,0,0.0,0,
R04,42,S,14,final,13.19940133611044,0.9925721153846154,0.9984845738631913,0.0,0.0,0.0,385,320,1,0,0.0,0,
R04,42,S,15,final,13.19940133611044,0.9330572808833678,0.986296721351481,0.0,0.0,0.0,376,322,1,0,0.0,0,
R04,42,S,16,final,13.19940133611044,0.6061411697852823,0.873371055520334,0.0,0.0,0.0,418,347,1,0,0.0,0,
R04,42,S,17,final,13.19940133611044,0.5511984078913212,0.2753816823614551,0.02857142857142857,0.015748031496062992,0.024175824175824177,582,127,2,1,0.5,0,0.0
R04,42,S,18,final,13.19940133611044,0.4714921429564734,0.5204873023596043,0.0,0.0,0.0,243,141,1,0,0.0,0,
R04,42,S+C,01,final,13.19940133611044,0.2289189189189189,0.5748305389462796,0.0,0.0,0.0,411,300,1,0,0.0,0,
R04,42,S+C,03,final,13.19940133611044,0.7570593962999026,0.9429692516176792,0.0,0.0,0.0,381,316,1,0,0.0,0,
R04,42,S+C,04,final,13.19940133611044,0.7522566400415612,0.529177431314006,0.0,0.0,0.0,379,118,1,0,0.0,0,
R04,42,S+C,06,final,13.19940133611044,0.5113564585745867,0.8409353810011072,0.0,0.0,0.0,505,413,1,0,0.0,0,
R04,42,S+C,11,final,13.19940133611044,0.5871417918397784,0.31024810806425734,0.0,0.0,0.0,424,126,2,0,0.0,0,
R04,42,S+C,13,final,13.19940133611044,0.9882397003745318,0.9971771098247841,0.0,0.0,0.0,464,375,1,0,0.0,0,
R04,42,S+C,14,final,13.19940133611044,0.9926201923076923,0.9984946864858734,0.0,0.0,0.0,385,320,1,0,0.0,0,
R04,42,S+C,15,final,13.19940133611044,0.9549689440993789,0.9914531132088149,0.0,0.0,0.0,376,322,1,0,0.0,0,
R04,42,S+C,16,final,13.19940133611044,0.6061411697852823,0.873371055520334,0.0,0.0,0.0,418,347,1,0,0.0,0,
R04,42,S+C,17,final,13.19940133611044,0.599809639179718,0.2879925743206418,0.02857142857142857,0.015748031496062992,0.024175824175824177,582,127,2,1,0.5,0,0.0
R04,42,S+C,18,final,13.19940133611044,0.4790710610485329,0.5234509264937611,0.0,0.0,0.0,243,141,1,0,0.0,0,
R04,42,S+P,01,final,13.19940133611044,0.23048048048048048,0.5752964665671101,0.0,0.0,0.0,411,300,1,0,0.0,0,
R04,42,S+P,03,final,13.19940133611044,0.7690360272638753,0.9266358788372872,0.037267080745341616,0.0189873417721519,0.0,381,316,1,1,1.0,92,92.0
R04,42,S+P,04,final,13.19940133611044,0.5850217546593934,0.3244517237518315,0.0,0.0,0.0,379,118,1,0,0.0,0,
R04,42,S+P,06,final,13.19940133611044,0.7126013264554163,0.9112238291505935,0.019184652278177457,0.009685230024213076,0.0,505,413,1,1,1.0,185,185.0
R04,42,S+P,11,final,13.19940133611044,0.8521758815382976,0.6896763815401652,0.0,0.0,0.0,424,126,2,0,0.0,0,
R04,42,S+P,13,final,13.19940133611044,0.9582322097378277,0.9866593591204512,0.05699481865284974,0.029333333333333333,0.0,464,375,1,1,1.0,82,82.0
R04,42,S+P,14,final,13.19940133611044,0.9152644230769231,0.9781049228253266,0.0,0.0,0.0,385,320,1,0,0.0,0,
R04,42,S+P,15,final,13.19940133611044,0.8722394755003451,0.9710204911869222,0.024539877300613498,0.012422360248447204,0.0,376,322,1,1,1.0,121,121.0
R04,42,S+P,16,final,13.19940133611044,0.6054105613508138,0.873265681537791,0.0,0.0,0.0,418,347,1,0,0.0,0,
R04,42,S+P,17,final,13.19940133611044,0.7992904733062213,0.4491207191040569,0.17834394904458598,0.11023622047244094,0.035164835164835165,582,127,2,2,1.0,75,37.5
R04,42,S+P,18,final,13.19940133611044,0.5958489778890279,0.6160094281481531,0.0,0.0,0.0,243,141,1,0,0.0,0,
R04,42,S+C+P,01,final,13.19940133611044,0.23048048048048048,0.5752964665671101,0.0,0.0,0.0,411,300,1,0,0.0,0,
R04,42,S+C+P,03,final,13.19940133611044,0.7690360272638753,0.9266358788372872,0.037267080745341616,0.0189873417721519,0.0,381,316,1,1,1.0,92,92.0
R04,42,S+C+P,04,final,13.19940133611044,0.5849892850185077,0.32444443883888624,0.0,0.0,0.0,379,118,1,0,0.0,0,
R04,42,S+C+P,06,final,13.19940133611044,0.7127592378145068,0.91125025697978,0.019184652278177457,0.009685230024213076,0.0,505,413,1,1,1.0,185,185.0
R04,42,S+C+P,11,final,13.19940133611044,0.8517497603068073,0.6894516526398488,0.0,0.0,0.0,424,126,2,0,0.0,0,
R04,42,S+C+P,13,final,13.19940133611044,0.9582322097378277,0.9866593591204512,0.05699481865284974,0.029333333333333333,0.0,464,375,1,1,1.0,82,82.0
R04,42,S+C+P,14,final,13.19940133611044,0.915360576923077,0.978122084789984,0.0,0.0,0.0,385,320,1,0,0.0,0,
R04,42,S+C+P,15,final,13.19940133611044,0.8740510697032436,0.9713277217182196,0.024539877300613498,0.012422360248447204,0.0,376,322,1,1,1.0,121,121.0
R04,42,S+C+P,16,final,13.19940133611044,0.6054105613508138,0.873265681537791,0.0,0.0,0.0,418,347,1,0,0.0,0,
R04,42,S+C+P,17,final,13.19940133611044,0.7992904733062213,0.4491207191040569,0.17834394904458598,0.11023622047244094,0.035164835164835165,582,127,2,2,1.0,75,37.5
R04,42,S+C+P,18,final,13.19940133611044,0.5959185092476706,0.6160370600906786,0.0,0.0,0.0,243,141,1,0,0.0,0,
R04,42,S+C0,01,final,13.19940133611044,0.2289189189189189,0.5748305389462796,0.0,0.0,0.0,411,300,1,0,0.0,0,
R04,42,S+C0,03,final,13.19940133611044,0.7573758519961051,0.9429056184163018,0.0,0.0,0.0,381,316,1,0,0.0,0,
R04,42,S+C0,04,final,13.19940133611044,0.6969283719722059,0.46467084358760014,0.0,0.0,0.0,379,118,1,0,0.0,0,
R04,42,S+C0,06,final,13.19940133611044,0.5070402147594484,0.8388107244821681,0.0,0.0,0.0,505,413,1,0,0.0,0,
R04,42,S+C0,11,final,13.19940133611044,0.5748774901459466,0.30392961364209486,0.0,0.0,0.0,424,126,2,0,0.0,0,
R04,42,S+C0,13,final,13.19940133611044,0.9837453183520599,0.9960401394205425,0.0,0.0,0.0,464,375,1,0,0.0,0,
R04,42,S+C0,14,final,13.19940133611044,0.9926201923076923,0.9984976816057317,0.0,0.0,0.0,385,320,1,0,0.0,0,
R04,42,S+C0,15,final,13.19940133611044,0.9430066712675409,0.9889882683919486,0.0,0.0,0.0,376,322,1,0,0.0,0,
R04,42,S+C0,16,final,13.19940133611044,0.6061411697852823,0.873371055520334,0.0,0.0,0.0,418,347,1,0,0.0,0,
R04,42,S+C0,17,final,13.19940133611044,0.5525568919269707,0.2750716778142229,0.02857142857142857,0.015748031496062992,0.024175824175824177,582,127,2,1,0.5,0,0.0
R04,42,S+C0,18,final,13.19940133611044,0.48119176748713666,0.5243372393531408,0.0,0.0,0.0,243,141,1,0,0.0,0,
R04,42,S+C0+P,01,final,13.19940133611044,0.23048048048048048,0.5752964665671101,0.0,0.0,0.0,411,300,1,0,0.0,0,
R04,42,S+C0+P,03,final,13.19940133611044,0.7690360272638753,0.9266358788372872,0.037267080745341616,0.0189873417721519,0.0,381,316,1,1,1.0,92,92.0
R04,42,S+C0+P,04,final,13.19940133611044,0.5855737385544516,0.3245673060075526,0.0,0.0,0.0,379,118,1,0,0.0,0,
R04,42,S+C0+P,06,final,13.19940133611044,0.7128118749342036,0.9112567342060824,0.019184652278177457,0.009685230024213076,0.0,505,413,1,1,1.0,185,185.0
R04,42,S+C0+P,11,final,13.19940133611044,0.8515366996910622,0.6893497675305393,0.0,0.0,0.0,424,126,2,0,0.0,0,
R04,42,S+C0+P,13,final,13.19940133611044,0.9582322097378277,0.9866593591204512,0.05699481865284974,0.029333333333333333,0.0,464,375,1,1,1.0,82,82.0
R04,42,S+C0+P,14,final,13.19940133611044,0.9158413461538462,0.9782131589024026,0.0,0.0,0.0,385,320,1,0,0.0,0,
R04,42,S+C0+P,15,final,13.19940133611044,0.8735334713595583,0.9712410878070745,0.024539877300613498,0.012422360248447204,0.0,376,322,1,1,1.0,121,121.0
R04,42,S+C0+P,16,final,13.19940133611044,0.6054105613508138,0.873265681537791,0.0,0.0,0.0,418,347,1,0,0.0,0,
R04,42,S+C0+P,17,final,13.19940133611044,0.7992904733062213,0.4491207191040569,0.17834394904458598,0.11023622047244094,0.035164835164835165,582,127,2,2,1.0,75,37.5
R04,42,S+C0+P,18,final,13.19940133611044,0.5958489778890279,0.6160094281481531,0.0,0.0,0.0,243,141,1,0,0.0,0,
R04,42,C,01,final,1.0908975929215257,0.9723723723723724,0.9903456743907955,0.3783783783783784,0.23333333333333334,0.0,411,300,1,1,1.0,7,7.0
R04,42,C,03,final,1.0908975929215257,0.9358325219084712,0.9816001248834592,0.018808777429467086,0.00949367088607595,0.0,381,316,1,1,1.0,90,90.0
R04,42,C,04,final,1.0908975929215257,0.7752126761478019,0.5634049878133633,0.0,0.0,0.0,379,118,1,0,0.0,0,
R04,42,C,06,final,1.0908975929215257,0.9368354563638278,0.9836685545941466,0.03800475059382423,0.01937046004842615,0.0,505,413,1,1,1.0,184,184.0
R04,42,C,11,final,1.0908975929215257,0.7016086076488761,0.3824977395551875,0.0,0.0,0.04697986577181208,424,126,2,0,0.0,0,
R04,42,C,13,final,1.0908975929215257,0.9911910112359551,0.9977320712839011,0.4143763213530655,0.2613333333333333,0.0,464,375,1,1,1.0,3,3.0
R04,42,C,14,final,1.0908975929215257,0.9366346153846153,0.980688881501684,0.07807807807807808,0.040625,0.0,385,320,1,1,1.0,3,3.0
R04,42,C,15,final,1.0908975929215257,0.978088336783989,0.9964429761128564,0.4254278728606357,0.2701863354037267,0.0,376,322,1,1,1.0,34,34.0
R04,42,C,16,final,1.0908975929215257,0.9925721475829038,0.9984944203447841,0.5358649789029536,0.3659942363112392,0.0,418,347,1,1,1.0,9,9.0
R04,42,C,17,final,1.0908975929215257,0.8576620230163537,0.5137368785024955,0.0,0.0,0.013186813186813187,582,127,2,0,0.0,0,
R04,42,C,18,final,1.0908975929215257,0.6671533861771659,0.7104061558170207,0.041666666666666664,0.02127659574468085,0.0,243,141,1,1,1.0,120,120.0
R04,42,P,01,final,6.306275286948016,0.7891591591591591,0.8961573965533964,0.05806451612903226,0.03,0.009009009009009009,411,300,1,1,1.0,78,78.0
R04,42,P,03,final,6.306275286948016,0.7411148977604672,0.9205984117772241,0.16231884057971013,0.08860759493670886,0.015384615384615385,381,316,1,1,1.0,90,90.0
R04,42,P,04,final,6.306275286948016,0.5801026040651991,0.32211664601861156,0.0,0.0,0.0038314176245210726,379,118,1,0,0.0,0,
R04,42,P,06,final,6.306275286948016,0.6630566375407938,0.889908999093217,0.09216589861751152,0.048426150121065374,0.010869565217391304,505,413,1,1,1.0,116,116.0
R04,42,P,11,final,6.306275286948016,0.8574491317779909,0.711033908486853,0.0,0.0,0.003355704697986577,424,126,2,0,0.0,0,
R04,42,P,13,final,6.306275286948016,0.9516704119850187,0.9851894904008702,0.31390134529147984,0.18666666666666668,0.011235955056179775,464,375,1,1,1.0,76,76.0
R04,42,P,14,final,6.306275286948016,0.6588461538461539,0.8937617063230978,0.0,0.0,0.015384615384615385,385,320,1,0,0.0,0,
R04,42,P,15,final,6.306275286948016,0.7665919024614677,0.9524044264816299,0.23497267759562843,0.13354037267080746,0.018518518518518517,376,322,1,1,1.0,34,34.0
R04,42,P,16,final,6.306275286948016,0.6468320006494298,0.8958199978915372,0.022727272727272728,0.011527377521613832,0.014084507042253521,418,347,1,1,1.0,83,83.0
R04,42,P,17,final,6.306275286948016,0.8545902915981657,0.5472188617412459,0.37272727272727274,0.3228346456692913,0.11428571428571428,582,127,2,2,1.0,56,28.0
R04,42,P,18,final,6.306275286948016,0.8158809623140036,0.8509672093748997,0.13157894736842105,0.07092198581560284,0.00980392156862745,243,141,1,1,1.0,10,10.0
R04,42,S+C_no_conf,01,final,13.209203476209726,0.2586036036036036,0.5829230811350156,0.0,0.0,0.0,411,300,1,0,0.0,0,
R04,42,S+C_no_conf,03,final,13.209203476209726,0.8814264849074975,0.9723852879726231,0.0,0.0,0.0,381,316,1,0,0.0,0,
R04,42,S+C_no_conf,04,final,13.209203476209726,0.8386583544385999,0.6299883411964001,0.0,0.0,0.0,379,118,1,0,0.0,0,
R04,42,S+C_no_conf,06,final,13.209203476209726,0.7849247289188336,0.9394429642729136,0.0,0.0,0.0,505,413,1,0,0.0,0,
R04,42,S+C_no_conf,11,final,13.209203476209726,0.6845238095238095,0.38401605138915307,0.0,0.0,0.0,424,126,2,0,0.0,0,
R04,42,S+C_no_conf,13,final,13.209203476209726,0.999940074906367,0.9999858532272325,0.005319148936170213,0.0026666666666666666,0.0,464,375,1,1,1.0,73,73.0
R04,42,S+C_no_conf,14,final,13.209203476209726,0.9510096153846153,0.9876862698525286,0.0,0.0,0.0,385,320,1,0,0.0,0,
R04,42,S+C_no_conf,15,final,13.209203476209726,0.9842132505175983,0.9975077090539225,0.0,0.0,0.0,376,322,1,0,0.0,0,
R04,42,S+C_no_conf,16,final,13.209203476209726,0.6061817591427529,0.8733933773826144,0.0,0.0,0.0,418,347,1,0,0.0,0,
R04,42,S+C_no_conf,17,final,13.209203476209726,0.8174526261140436,0.402360947435217,0.02857142857142857,0.015748031496062992,0.024175824175824177,582,127,2,1,0.5,0,0.0
R04,42,S+C_no_conf,18,final,13.209203476209726,0.6088165762759005,0.618763609389134,0.0,0.0,0.0,243,141,1,0,0.0,0,
R04,42,S+alignment,01,final,13.19940133611044,0.2305105105105105,0.5752981640990923,0.0,0.0,0.0,411,300,1,0,0.0,0,
R04,42,S+alignment,03,final,13.19940133611044,0.8246835443037975,0.9567635313902887,0.0,0.0,0.0,381,316,1,0,0.0,0,
R04,42,S+alignment,04,final,13.19940133611044,0.5971491655302292,0.34805270789171705,0.0,0.0,0.0,379,118,1,0,0.0,0,
R04,42,S+alignment,06,final,13.19940133611044,0.6605168965154227,0.9068792280226564,0.0,0.0,0.0,505,413,1,0,0.0,0,
R04,42,S+alignment,11,final,13.19940133611044,0.7376158517098114,0.49967259130296204,0.0,0.0,0.0,424,126,2,0,0.0,0,
R04,42,S+alignment,13,final,13.19940133611044,0.9919101123595506,0.9977720262685839,0.0,0.0,0.0,464,375,1,0,0.0,0,
R04,42,S+alignment,14,final,13.19940133611044,0.9656971153846154,0.9916390120342634,0.0,0.0,0.0,385,320,1,0,0.0,0,
R04,42,S+alignment,15,final,13.19940133611044,0.9205486542443063,0.9819376630241258,0.0,0.0,0.0,376,322,1,0,0.0,0,
R04,42,S+alignment,16,final,13.19940133611044,0.6061411697852823,0.873371055520334,0.0,0.0,0.0,418,347,1,0,0.0,0,
R04,42,S+alignment,17,final,13.19940133611044,0.7894436272389029,0.37717612578732684,0.02857142857142857,0.015748031496062992,0.024175824175824177,582,127,2,1,0.5,0,0.0
R04,42,S+alignment,18,final,13.19940133611044,0.6053052426644416,0.5946179740668397,0.0,0.0,0.0,243,141,1,0,0.0,0,
R04,42,S+innovation,01,final,13.19940133611044,0.22945945945945947,0.5749529075690925,0.0,0.0,0.0,411,300,1,0,0.0,0,
R04,42,S+innovation,03,final,13.19940133611044,0.8362220058422589,0.9505359302811396,0.0,0.0,0.0,381,316,1,0,0.0,0,
R04,42,S+innovation,04,final,13.19940133611044,0.6295376323137867,0.37253346775529755,0.0,0.0,0.0,379,118,1,0,0.0,0,
R04,42,S+innovation,06,final,13.19940133611044,0.750131592799242,0.9263165194769116,0.0,0.0,0.0,505,413,1,0,0.0,0,
R04,42,S+innovation,11,final,13.19940133611044,0.9320469798657718,0.7989876675361864,0.0,0.0,0.0,424,126,2,0,0.0,0,
R04,42,S+innovation,13,final,13.19940133611044,0.9812734082397004,0.9879033267280978,0.0,0.0,0.0,464,375,1,0,0.0,0,
R04,42,S+innovation,14,final,13.19940133611044,0.9635096153846154,0.9886923142528377,0.0,0.0,0.0,385,320,1,0,0.0,0,
R04,42,S+innovation,15,final,13.19940133611044,0.9499367379802163,0.978167589466616,0.0,0.0,0.0,376,322,1,0,0.0,0,
R04,42,S+innovation,16,final,13.19940133611044,0.6061411697852823,0.873371055520334,0.0,0.0,0.0,418,347,1,0,0.0,0,
R04,42,S+innovation,17,final,13.19940133611044,0.7413429090594446,0.3534518157163682,0.02857142857142857,0.015748031496062992,0.024175824175824177,582,127,2,1,0.5,0,0.0
R04,42,S+innovation,18,final,13.19940133611044,0.5507926574885275,0.5552714347549019,0.0,0.0,0.0,243,141,1,0,0.0,0,
R04,42,S+progress,01,final,13.19940133611044,0.2288138138138138,0.5748022030920978,0.0,0.0,0.0,411,300,1,0,0.0,0,
R04,42,S+progress,03,final,13.19940133611044,0.6770447906523855,0.9008936192332069,0.037267080745341616,0.0189873417721519,0.0,381,316,1,1,1.0,92,92.0
R04,42,S+progress,04,final,13.19940133611044,0.6671212416390675,0.39503780285728274,0.0,0.0,0.0,379,118,1,0,0.0,0,
R04,42,S+progress,06,final,13.19940133611044,0.5229497841878092,0.8583030186698327,0.019184652278177457,0.009685230024213076,0.0,505,413,1,1,1.0,185,185.0
R04,42,S+progress,11,final,13.19940133611044,0.5922152977522105,0.3794600697107787,0.0,0.0,0.0,424,126,2,0,0.0,0,
R04,42,S+progress,13,final,13.19940133611044,0.8005093632958802,0.9455435405984788,0.05699481865284974,0.029333333333333333,0.0,464,375,1,1,1.0,82,82.0
R04,42,S+progress,14,final,13.19940133611044,0.9513701923076924,0.9894891976871603,0.0,0.0,0.0,385,320,1,0,0.0,0,
R04,42,S+progress,15,final,13.19940133611044,0.7874396135265701,0.9570285690341737,0.024539877300613498,0.012422360248447204,0.0,376,322,1,1,1.0,121,121.0
R04,42,S+progress,16,final,13.19940133611044,0.6054105613508138,0.873265681537791,0.0,0.0,0.0,418,347,1,0,0.0,0,
R04,42,S+progress,17,final,13.19940133611044,0.7677944103140953,0.4324949905546403,0.17834394904458598,0.11023622047244094,0.035164835164835165,582,127,2,2,1.0,75,37.5
R04,42,S+progress,18,final,13.19940133611044,0.4980878876373244,0.5552478170343687,0.0,0.0,0.0,243,141,1,0,0.0,0,
R04,43,S,01,final,13.19940133611044,0.2289189189189189,0.5748305389462796,0.0,0.0,0.0,411,300,1,0,0.0,0,
R04,43,S,03,final,13.19940133611044,0.75547711781889,0.9424267772078055,0.0,0.0,0.0,381,316,1,0,0.0,0,
R04,43,S,04,final,13.19940133611044,0.7731346191311125,0.547212255727487,0.0,0.0,0.0,379,118,1,0,0.0,0,
R04,43,S,06,final,13.19940133611044,0.48236656490156854,0.8330780408389695,0.0,0.0,0.0,505,413,1,0,0.0,0,
R04,43,S,11,final,13.19940133611044,0.6453339725151805,0.3404873233268129,0.0,0.0,0.0,424,126,2,0,0.0,0,
R04,43,S,13,final,13.19940133611044,0.9613782771535582,0.9903746448389367,0.0,0.0,0.0,464,375,1,0,0.0,0,
R04,43,S,14,final,13.19940133611044,0.9925721153846154,0.9984845738631913,0.0,0.0,0.0,385,320,1,0,0.0,0,
R04,43,S,15,final,13.19940133611044,0.9330572808833678,0.986296721351481,0.0,0.0,0.0,376,322,1,0,0.0,0,
R04,43,S,16,final,13.19940133611044,0.6061411697852823,0.873371055520334,0.0,0.0,0.0,418,347,1,0,0.0,0,
R04,43,S,17,final,13.19940133611044,0.5511984078913212,0.2753816823614551,0.02857142857142857,0.015748031496062992,0.024175824175824177,582,127,2,1,0.5,0,0.0
R04,43,S,18,final,13.19940133611044,0.4714921429564734,0.5204873023596043,0.0,0.0,0.0,243,141,1,0,0.0,0,
R04,43,S+C,01,final,13.19940133611044,0.2289189189189189,0.5748305389462796,0.0,0.0,0.0,411,300,1,0,0.0,0,
R04,43,S+C,03,final,13.19940133611044,0.7622444011684519,0.9447612189888898,0.0,0.0,0.0,381,316,1,0,0.0,0,
R04,43,S+C,04,final,13.19940133611044,0.7453568413533346,0.5244152453692735,0.0,0.0,0.0,379,118,1,0,0.0,0,
R04,43,S+C,06,final,13.19940133611044,0.5141199073586693,0.841258248827438,0.0,0.0,0.0,505,413,1,0,0.0,0,
R04,43,S+C,11,final,13.19940133611044,0.6263715777138597,0.33323606418535,0.0,0.0,0.0,424,126,2,0,0.0,0,
R04,43,S+C,13,final,13.19940133611044,0.9887640449438202,0.997310011783642,0.0,0.0,0.0,464,375,1,0,0.0,0,
R04,43,S+C,14,final,13.19940133611044,0.9926201923076923,0.9984946864858734,0.0,0.0,0.0,385,320,1,0,0.0,0,
R04,43,S+C,15,final,13.19940133611044,0.9556878306878306,0.991662800852677,0.0,0.0,0.0,376,322,1,0,0.0,0,
R04,43,S+C,16,final,13.19940133611044,0.6061411697852823,0.873371055520334,0.0,0.0,0.0,418,347,1,0,0.0,0,
R04,43,S+C,17,final,13.19940133611044,0.6184390412736869,0.2919071265598222,0.02857142857142857,0.015748031496062992,0.024175824175824177,582,127,2,1,0.5,0,0.0
R04,43,S+C,18,final,13.19940133611044,0.4812265331664581,0.5242170009474888,0.0,0.0,0.0,243,141,1,0,0.0,0,
R04,43,S+P,01,final,13.19940133611044,0.23087087087087085,0.575483874602695,0.0,0.0,0.0,411,300,1,0,0.0,0,
R04,43,S+P,03,final,13.19940133611044,0.7619279454722494,0.9172821383293537,0.0,0.0,0.0,381,316,1,0,0.0,0,
R04,43,S+P,04,final,13.19940133611044,0.569712318981752,0.31796449918962555,0.0,0.0,0.0,379,118,1,0,0.0,0,
R04,43,S+P,06,final,13.19940133611044,0.690033161385409,0.9041418017307224,0.023923444976076555,0.012106537530266344,0.0,505,413,1,1,1.0,185,185.0
R04,43,S+P,11,final,13.19940133611044,0.8401645893256632,0.6840984350621757,0.0,0.0,0.0,424,126,2,0,0.0,0,
R04,43,S+P,13,final,13.19940133611044,0.957063670411985,0.9869475289265266,0.11083123425692695,0.058666666666666666,0.0,464,375,1,1,1.0,81,81.0
R04,43,S+P,14,final,13.19940133611044,0.9200240384615385,0.9791034452085724,0.0,0.0,0.0,385,320,1,0,0.0,0,
R04,43,S+P,15,final,13.19940133611044,0.8584943639291466,0.9695481096841908,0.024539877300613498,0.012422360248447204,0.0,376,322,1,1,1.0,120,120.0
R04,43,S+P,16,final,13.19940133611044,0.6054105613508138,0.873265681537791,0.0,0.0,0.0,418,347,1,0,0.0,0,
R04,43,S+P,17,final,13.19940133611044,0.7963571861209657,0.44667002004221557,0.175,0.11023622047244094,0.041758241758241756,582,127,2,1,0.5,0,0.0
R04,43,S+P,18,final,13.19940133611044,0.5983173411208456,0.6183954731035897,0.0,0.0,0.0,243,141,1,0,0.0,0,
R04,43,S+C+P,01,final,13.19940133611044,0.23087087087087085,0.575483874602695,0.0,0.0,0.0,411,300,1,0,0.0,0,
R04,43,S+C+P,03,final,13.19940133611044,0.7619279454722494,0.9172821383293537,0.0,0.0,0.0,381,316,1,0,0.0,0,
R04,43,S+C+P,04,final,13.19940133611044,0.5696473796999805,0.31794954230651834,0.0,0.0,0.0,379,118,1,0,0.0,0,
R04,43,S+C+P,06,final,13.19940133611044,0.6901647541846511,0.9041638024290986,0.023923444976076555,0.012106537530266344,0.0,505,413,1,1,1.0,185,185.0
R04,43,S+C+P,11,final,13.19940133611044,0.839951528709918,0.6840007883078956,0.0,0.0,0.0,424,126,2,0,0.0,0,
R04,43,S+C+P,13,final,13.19940133611044,0.957063670411985,0.9869475289265266,0.11083123425692695,0.058666666666666666,0.0,464,375,1,1,1.0,81,81.0
R04,43,S+C+P,14,final,13.19940133611044,0.9201923076923078,0.9791383913239171,0.0,0.0,0.0,385,320,1,0,0.0,0,
R04,43,S+C+P,15,final,13.19940133611044,0.8592420059811365,0.969658667967181,0.024539877300613498,0.012422360248447204,0.0,376,322,1,1,1.0,120,120.0
R04,43,S+C+P,16,final,13.19940133611044,0.6054105613508138,0.873265681537791,0.0,0.0,0.0,418,347,1,0,0.0,0,
R04,43,S+C+P,17,final,13.19940133611044,0.7963571861209657,0.44667002004221557,0.175,0.11023622047244094,0.041758241758241756,582,127,2,1,0.5,0,0.0
R04,43,S+C+P,18,final,13.19940133611044,0.5983173411208456,0.6183954731035897,0.0,0.0,0.0,243,141,1,0,0.0,0,
R04,43,S+C0,01,final,13.19940133611044,0.2289189189189189,0.5748305389462796,0.0,0.0,0.0,411,300,1,0,0.0,0,
R04,43,S+C0,03,final,13.19940133611044,0.7574245374878286,0.9429287352885041,0.0,0.0,0.0,381,316,1,0,0.0,0,
R04,43,S+C0,04,final,13.19940133611044,0.6930482498863563,0.4586640002447372,0.0,0.0,0.0,379,118,1,0,0.0,0,
R04,43,S+C0,06,final,13.19940133611044,0.5086193283503526,0.8391837990390376,0.0,0.0,0.0,505,413,1,0,0.0,0,
R04,43,S+C0,11,final,13.19940133611044,0.6148529881751359,0.3251425613536187,0.0,0.0,0.0,424,126,2,0,0.0,0,
R04,43,S+C0,13,final,13.19940133611044,0.9848389513108614,0.9963086185052034,0.0,0.0,0.0,464,375,1,0,0.0,0,
R04,43,S+C0,14,final,13.19940133611044,0.9926201923076923,0.9984976816057317,0.0,0.0,0.0,385,320,1,0,0.0,0,
R04,43,S+C0,15,final,13.19940133611044,0.9428341384863124,0.9889077413371437,0.0,0.0,0.0,376,322,1,0,0.0,0,
R04,43,S+C0,16,final,13.19940133611044,0.6061411697852823,0.873371055520334,0.0,0.0,0.0,418,347,1,0,0.0,0,
R04,43,S+C0,17,final,13.19940133611044,0.5522886562256641,0.27514272925848837,0.02857142857142857,0.015748031496062992,0.024175824175824177,582,127,2,1,0.5,0,0.0
R04,43,S+C0,18,final,13.19940133611044,0.48195661243220694,0.5246199314789328,0.0,0.0,0.0,243,141,1,0,0.0,0,
R04,43,S+C0+P,01,final,13.19940133611044,0.23087087087087085,0.575483874602695,0.0,0.0,0.0,411,300,1,0,0.0,0,
R04,43,S+C0+P,03,final,13.19940133611044,0.7619279454722494,0.9172821383293537,0.0,0.0,0.0,381,316,1,0,0.0,0,
R04,43,S+C0+P,04,final,13.19940133611044,0.5689005779596078,0.31775157386914876,0.0,0.0,0.0,379,118,1,0,0.0,0,
R04,43,S+C0+P,06,final,13.19940133611044,0.6902173913043479,0.9041710136789243,0.023923444976076555,0.012106537530266344,0.0,505,413,1,1,1.0,185,185.0
R04,43,S+C0+P,11,final,13.19940133611044,0.8398716309790135,0.6839696287992333,0.0,0.0,0.0,424,126,2,0,0.0,0,
R04,43,S+C0+P,13,final,13.19940133611044,0.957063670411985,0.9869475289265266,0.11083123425692695,0.058666666666666666,0.0,464,375,1,1,1.0,81,81.0
R04,43,S+C0+P,14,final,13.19940133611044,0.9205288461538461,0.979203151317062,0.0,0.0,0.0,385,320,1,0,0.0,0,
R04,43,S+C0+P,15,final,13.19940133611044,0.859414538762365,0.9696897573671204,0.024539877300613498,0.012422360248447204,0.0,376,322,1,1,1.0,120,120.0
R04,43,S+C0+P,16,final,13.19940133611044,0.6054105613508138,0.873265681537791,0.0,0.0,0.0,418,347,1,0,0.0,0,
R04,43,S+C0+P,17,final,13.19940133611044,0.7963571861209657,0.4466700200422155,0.175,0.11023622047244094,0.041758241758241756,582,127,2,1,0.5,0,0.0
R04,43,S+C0+P,18,final,13.19940133611044,0.5983173411208456,0.6183954731035897,0.0,0.0,0.0,243,141,1,0,0.0,0,
R04,43,C,01,final,1.0729329747620693,0.9734834834834835,0.9906202961002268,0.3146067415730337,0.18666666666666668,0.0,411,300,1,1,1.0,7,7.0
R04,43,C,03,final,1.0729329747620693,0.9436222005842259,0.9838153406399099,0.03115264797507788,0.015822784810126583,0.0,381,316,1,1,1.0,94,94.0
R04,43,C,04,final,1.0729329747620693,0.7332943697642704,0.5060056356427372,0.0,0.0,0.0,379,118,1,0,0.0,0,
R04,43,C,06,final,1.0729329747620693,0.942046531213812,0.9846188023118738,0.03333333333333333,0.01694915254237288,0.0,505,413,1,1,1.0,184,184.0
R04,43,C,11,final,1.0729329747620693,0.7469372536486631,0.4395516533700765,0.0,0.0,0.040268456375838924,424,126,2,0,0.0,0,
R04,43,C,13,final,1.0729329747620693,0.9939176029962546,0.9984877767017175,0.42436974789915966,0.2693333333333333,0.0,464,375,1,1,1.0,3,3.0
R04,43,C,14,final,1.0729329747620693,0.9403365384615384,0.9824490482209837,0.07807807807807808,0.040625,0.0,385,320,1,1,1.0,3,3.0
R04,43,C,15,final,1.0729329747620693,0.9736024844720497,0.9958763568674834,0.4519230769230769,0.2919254658385093,0.0,376,322,1,1,1.0,35,35.0
R04,43,C,16,final,1.0729329747620693,0.9843730973738687,0.9968269434930748,0.5234042553191489,0.35446685878962536,0.0,418,347,1,1,1.0,9,9.0
R04,43,C,17,final,1.0729329747620693,0.8681491736609848,0.5198903703710102,0.014705882352941176,0.007874015748031496,0.017582417582417582,582,127,2,1,0.5,46,46.0
R04,43,C,18,final,1.0729329747620693,0.7033096926713949,0.7536222578467261,0.041666666666666664,0.02127659574468085,0.0,243,141,1,1,1.0,120,120.0
R04,43,P,01,final,6.306275286948016,0.7788888888888889,0.8947459106132536,0.07051282051282051,0.03666666666666667,0.009009009009009009,411,300,1,1,1.0,77,77.0
R04,43,P,03,final,6.306275286948016,0.7180623174294061,0.9082715481505781,0.06116207951070336,0.03164556962025317,0.015384615384615385,381,316,1,1,1.0,94,94.0
R04,43,P,04,final,6.306275286948016,0.5582992402104032,0.3134423103968687,0.0,0.0,0.007662835249042145,379,118,1,0,0.0,0,
R04,43,P,06,final,6.306275286948016,0.6429624170965365,0.8828441312250659,0.08775981524249422,0.04600484261501211,0.010869565217391304,505,413,1,1,1.0,116,116.0
R04,43,P,11,final,6.306275286948016,0.8471423244913179,0.7054724727413895,0.0,0.0,0.003355704697986577,424,126,2,0,0.0,0,
R04,43,P,13,final,6.306275286948016,0.9510112359550561,0.9855914254122107,0.368763557483731,0.22666666666666666,0.011235955056179775,464,375,1,1,1.0,10,10.0
R04,43,P,14,final,6.306275286948016,0.6712259615384615,0.8981472010028008,0.0,0.0,0.015384615384615385,385,320,1,0,0.0,0,
R04,43,P,15,final,6.306275286948016,0.7608408097538533,0.9521438037808948,0.23978201634877383,0.13664596273291926,0.018518518518518517,376,322,1,1,1.0,35,35.0
R04,43,P,16,final,6.306275286948016,0.6196777205016845,0.8895771360152228,0.03943661971830986,0.020172910662824207,0.014084507042253521,418,347,1,1,1.0,53,53.0
R04,43,P,17,final,6.306275286948016,0.8562775806870296,0.5416593610589301,0.3944954128440367,0.33858267716535434,0.1054945054945055,582,127,2,2,1.0,50,25.0
R04,43,P,18,final,6.306275286948016,0.8100403281880127,0.8413279064834953,0.13157894736842105,0.07092198581560284,0.00980392156862745,243,141,1,1,1.0,10,10.0
R04,43,S+C_no_conf,01,final,13.209203476209726,0.25469969969969974,0.5826612082867091,0.0,0.0,0.0,411,300,1,0,0.0,0,
R04,43,S+C_no_conf,03,final,13.209203476209726,0.8856134371957156,0.9741911373363139,0.0,0.0,0.0,381,316,1,0,0.0,0,
R04,43,S+C_no_conf,04,final,13.209203476209726,0.8276186765374375,0.6070049533243984,0.0,0.0,0.0,379,118,1,0,0.0,0,
R04,43,S+C_no_conf,06,final,13.209203476209726,0.7840035793241394,0.9392083746520615,0.0,0.0,0.0,505,413,1,0,0.0,0,
R04,43,S+C_no_conf,11,final,13.209203476209726,0.6913284329391711,0.3855842155032851,0.0,0.0,0.0,424,126,2,0,0.0,0,
R04,43,S+C_no_conf,13,final,13.209203476209726,0.9999101123595505,0.9999788359788359,0.005319148936170213,0.0026666666666666666,0.0,464,375,1,1,1.0,73,73.0
R04,43,S+C_no_conf,14,final,13.209203476209726,0.9514423076923078,0.9878779063937011,0.0,0.0,0.0,385,320,1,0,0.0,0,
R04,43,S+C_no_conf,15,final,13.209203476209726,0.984069473199908,0.9974944191511951,0.0,0.0,0.0,376,322,1,0,0.0,0,
R04,43,S+C_no_conf,16,final,13.209203476209726,0.6061817591427529,0.8733881900138479,0.0,0.0,0.0,418,347,1,0,0.0,0,
R04,43,S+C_no_conf,17,final,13.209203476209726,0.8274119581206195,0.4138254899512227,0.02857142857142857,0.015748031496062992,0.024175824175824177,582,127,2,1,0.5,0,0.0
R04,43,S+C_no_conf,18,final,13.209203476209726,0.6116673619802532,0.6226628661088867,0.0,0.0,0.0,243,141,1,0,0.0,0,
R04,43,S+alignment,01,final,13.19940133611044,0.23087087087087085,0.5754860237960675,0.0,0.0,0.0,411,300,1,0,0.0,0,
R04,43,S+alignment,03,final,13.19940133611044,0.8260710808179164,0.9568236428907522,0.0,0.0,0.0,381,316,1,0,0.0,0,
R04,43,S+alignment,04,final,13.19940133611044,0.5746477043963893,0.32590144175530716,0.0,0.0,0.0,379,118,1,0,0.0,0,
R04,43,S+alignment,06,final,13.19940133611044,0.6658990420044215,0.9069183840665825,0.0,0.0,0.0,505,413,1,0,0.0,0,
R04,43,S+alignment,11,final,13.19940133611044,0.7430089485458613,0.4946548696130747,0.0,0.0,0.0,424,126,2,0,0.0,0,
R04,43,S+alignment,13,final,13.19940133611044,0.992808988764045,0.998027614129813,0.0,0.0,0.0,464,375,1,0,0.0,0,
R04,43,S+alignment,14,final,13.19940133611044,0.9661538461538461,0.99146958434673,0.0,0.0,0.0,385,320,1,0,0.0,0,
R04,43,S+alignment,15,final,13.19940133611044,0.9167816885208189,0.9811406947108512,0.0,0.0,0.0,376,322,1,0,0.0,0,
R04,43,S+alignment,16,final,13.19940133611044,0.6061411697852823,0.873371055520334,0.0,0.0,0.0,418,347,1,0,0.0,0,
R04,43,S+alignment,17,final,13.19940133611044,0.7944016613307952,0.3820356640819435,0.02857142857142857,0.015748031496062992,0.024175824175824177,582,127,2,1,0.5,0,0.0
R04,43,S+alignment,18,final,13.19940133611044,0.6038103184536227,0.5931940136379674,0.0,0.0,0.0,243,141,1,0,0.0,0,
R04,43,S+innovation,01,final,13.19940133611044,0.2295195195195195,0.5749668657941531,0.0,0.0,0.0,411,300,1,0,0.0,0,
R04,43,S+innovation,03,final,13.19940133611044,0.8354673807205453,0.9504276168589135,0.0,0.0,0.0,381,316,1,0,0.0,0,
R04,43,S+innovation,04,final,13.19940133611044,0.6266803039158386,0.3772773359714945,0.0,0.0,0.0,379,118,1,0,0.0,0,
R04,43,S+innovation,06,final,13.19940133611044,0.7623302452889779,0.9286688493046854,0.0,0.0,0.0,505,413,1,0,0.0,0,
R04,43,S+innovation,11,final,13.19940133611044,0.9235112389474806,0.794448411172368,0.0,0.0,0.0,424,126,2,0,0.0,0,
R04,43,S+innovation,13,final,13.19940133611044,0.9807790262172285,0.9878261518490582,0.0,0.0,0.0,464,375,1,0,0.0,0,
R04,43,S+innovation,14,final,13.19940133611044,0.9638942307692309,0.9887726073721825,0.0,0.0,0.0,385,320,1,0,0.0,0,
R04,43,S+innovation,15,final,13.19940133611044,0.9509719346675869,0.9789347677463375,0.0,0.0,0.0,376,322,1,0,0.0,0,
R04,43,S+innovation,16,final,13.19940133611044,0.6061411697852823,0.873371055520334,0.0,0.0,0.0,418,347,1,0,0.0,0,
R04,43,S+innovation,17,final,13.19940133611044,0.7488188976377953,0.35672442748899147,0.02857142857142857,0.015748031496062992,0.024175824175824177,582,127,2,1,0.5,0,0.0
R04,43,S+innovation,18,final,13.19940133611044,0.547698512028925,0.5559181159358701,0.0,0.0,0.0,243,141,1,0,0.0,0,
R04,43,S+progress,01,final,13.19940133611044,0.22893393393393394,0.5748296630887155,0.0,0.0,0.0,411,300,1,0,0.0,0,
R04,43,S+progress,03,final,13.19940133611044,0.6726630963972736,0.894390728348097,0.0,0.0,0.0,381,316,1,0,0.0,0,
R04,43,S+progress,04,final,13.19940133611044,0.6652542372881356,0.39904093036058347,0.0,0.0,0.0,379,118,1,0,0.0,0,
R04,43,S+progress,06,final,13.19940133611044,0.4915122644488894,0.847072120660683,0.023923444976076555,0.012106537530266344,0.0,505,413,1,1,1.0,185,185.0
R04,43,S+progress,11,final,13.19940133611044,0.5683125599232981,0.3433173508366768,0.0,0.0,0.0,424,126,2,0,0.0,0,
R04,43,S+progress,13,final,13.19940133611044,0.7795355805243446,0.9393607660662178,0.11083123425692695,0.058666666666666666,0.0,464,375,1,1,1.0,81,81.0
R04,43,S+progress,14,final,13.19940133611044,0.9618028846153847,0.992047654044234,0.0,0.0,0.0,385,320,1,0,0.0,0,
R04,43,S+progress,15,final,13.19940133611044,0.7824074074074074,0.9575200942815362,0.024539877300613498,0.012422360248447204,0.0,376,322,1,1,1.0,120,120.0
R04,43,S+progress,16,final,13.19940133611044,0.6054105613508138,0.873265681537791,0.0,0.0,0.0,418,347,1,0,0.0,0,
R04,43,S+progress,17,final,13.19940133611044,0.7461451933892878,0.4224154404287527,0.175,0.11023622047244094,0.041758241758241756,582,127,2,1,0.5,0,0.0
R04,43,S+progress,18,final,13.19940133611044,0.500173828396607,0.55756688459845,0.0,0.0,0.0,243,141,1,0,0.0,0,
R04,44,S,01,final,13.19940133611044,0.2289189189189189,0.5748305389462796,0.0,0.0,0.0,411,300,1,0,0.0,0,
R04,44,S,03,final,13.19940133611044,0.75547711781889,0.9424267772078055,0.0,0.0,0.0,381,316,1,0,0.0,0,
R04,44,S,04,final,13.19940133611044,0.7731346191311125,0.547212255727487,0.0,0.0,0.0,379,118,1,0,0.0,0,
R04,44,S,06,final,13.19940133611044,0.48236656490156854,0.8330780408389695,0.0,0.0,0.0,505,413,1,0,0.0,0,
R04,44,S,11,final,13.19940133611044,0.6453339725151805,0.3404873233268129,0.0,0.0,0.0,424,126,2,0,0.0,0,
R04,44,S,13,final,13.19940133611044,0.9613782771535582,0.9903746448389367,0.0,0.0,0.0,464,375,1,0,0.0,0,
R04,44,S,14,final,13.19940133611044,0.9925721153846154,0.9984845738631913,0.0,0.0,0.0,385,320,1,0,0.0,0,
R04,44,S,15,final,13.19940133611044,0.9330572808833678,0.986296721351481,0.0,0.0,0.0,376,322,1,0,0.0,0,
R04,44,S,16,final,13.19940133611044,0.6061411697852823,0.873371055520334,0.0,0.0,0.0,418,347,1,0,0.0,0,
R04,44,S,17,final,13.19940133611044,0.5511984078913212,0.2753816823614551,0.02857142857142857,0.015748031496062992,0.024175824175824177,582,127,2,1,0.5,0,0.0
R04,44,S,18,final,13.19940133611044,0.4714921429564734,0.5204873023596043,0.0,0.0,0.0,243,141,1,0,0.0,0,
R04,44,S+C,01,final,13.19940133611044,0.2289189189189189,0.5748305389462796,0.0,0.0,0.0,411,300,1,0,0.0,0,
R04,44,S+C,03,final,13.19940133611044,0.7629746835443039,0.9450462113075435,0.0,0.0,0.0,381,316,1,0,0.0,0,
R04,44,S+C,04,final,13.19940133611044,0.7417851808558997,0.5186735992972531,0.0,0.0,0.0,379,118,1,0,0.0,0,
R04,44,S+C,06,final,13.19940133611044,0.5118696704916307,0.840981023675601,0.0,0.0,0.0,505,413,1,0,0.0,0,
R04,44,S+C,11,final,13.19940133611044,0.6021625652498136,0.31950874806498764,0.0,0.0,0.0,424,126,2,0,0.0,0,
R04,44,S+C,13,final,13.19940133611044,0.989063670411985,0.9973951607971041,0.0,0.0,0.0,464,375,1,0,0.0,0,
R04,44,S+C,14,final,13.19940133611044,0.9925721153846154,0.9984845738631913,0.0,0.0,0.0,385,320,1,0,0.0,0,
R04,44,S+C,15,final,13.19940133611044,0.9550264550264549,0.9914815883414967,0.0,0.0,0.0,376,322,1,0,0.0,0,
R04,44,S+C,16,final,13.19940133611044,0.6061411697852823,0.873371055520334,0.0,0.0,0.0,418,347,1,0,0.0,0,
R04,44,S+C,17,final,13.19940133611044,0.6076923076923076,0.2902877503628066,0.02857142857142857,0.015748031496062992,0.024175824175824177,582,127,2,1,0.5,0,0.0
R04,44,S+C,18,final,13.19940133611044,0.4815046586010291,0.5245464735582557,0.0,0.0,0.0,243,141,1,0,0.0,0,
R04,44,S+P,01,final,13.19940133611044,0.23130630630630633,0.5755794981185106,0.0,0.0,0.0,411,300,1,0,0.0,0,
R04,44,S+P,03,final,13.19940133611044,0.7641674780915287,0.917150202995061,0.0,0.0,0.0,381,316,1,0,0.0,0,
R04,44,S+P,04,final,13.19940133611044,0.587359568803169,0.32697441138002614,0.0,0.0,0.0,379,118,1,0,0.0,0,
R04,44,S+P,06,final,13.19940133611044,0.7018765133171913,0.9087777167237354,0.023923444976076555,0.012106537530266344,0.0,505,413,1,1,1.0,185,185.0
R04,44,S+P,11,final,13.19940133611044,0.8498721636305528,0.6890328641056223,0.0,0.0,0.0,424,126,2,0,0.0,0,
R04,44,S+P,13,final,13.19940133611044,0.9634456928838951,0.9887301284664212,0.125,0.06666666666666667,0.0,464,375,1,1,1.0,81,81.0
R04,44,S+P,14,final,13.19940133611044,0.9177403846153847,0.9784493688179136,0.0,0.0,0.0,385,320,1,0,0.0,0,
R04,44,S+P,15,final,13.19940133611044,0.8504428341384863,0.9667536589959533,0.03058103975535168,0.015527950310559006,0.0,376,322,1,1,1.0,120,120.0
R04,44,S+P,16,final,13.19940133611044,0.6054105613508138,0.8732668782190265,0.0,0.0,0.0,418,347,1,0,0.0,0,
R04,44,S+P,17,final,13.19940133611044,0.8052781863805486,0.47549002475682056,0.21818181818181817,0.14173228346456693,0.04395604395604396,582,127,2,2,1.0,74,37.0
R04,44,S+P,18,final,13.19940133611044,0.5991864831038798,0.6228266773628593,0.0,0.0,0.0,243,141,1,0,0.0,0,
R04,44,S+C+P,01,final,13.19940133611044,0.23130630630630633,0.5755794981185106,0.0,0.0,0.0,411,300,1,0,0.0,0,
R04,44,S+C+P,03,final,13.19940133611044,0.7641674780915287,0.917150202995061,0.0,0.0,0.0,381,316,1,0,0.0,0,
R04,44,S+C+P,04,final,13.19940133611044,0.5872621598805117,0.32695140742230355,0.0,0.0,0.0,379,118,1,0,0.0,0,
R04,44,S+C+P,06,final,13.19940133611044,0.7020344246762816,0.9088036602301907,0.023923444976076555,0.012106537530266344,0.0,505,413,1,1,1.0,185,185.0
R04,44,S+C+P,11,final,13.19940133611044,0.8494993075529989,0.6888650630730501,0.0,0.0,0.0,424,126,2,0,0.0,0,
R04,44,S+C+P,13,final,13.19940133611044,0.9634456928838951,0.9887301284664212,0.125,0.06666666666666667,0.0,464,375,1,1,1.0,81,81.0
R04,44,S+C+P,14,final,13.19940133611044,0.9177403846153847,0.9784493688179136,0.0,0.0,0.0,385,320,1,0,0.0,0,
R04,44,S+C+P,15,final,13.19940133611044,0.8535196687370601,0.9672770932814908,0.03058103975535168,0.015527950310559006,0.0,376,322,1,1,1.0,120,120.0
R04,44,S+C+P,16,final,13.19940133611044,0.6054105613508138,0.8732668782190265,0.0,0.0,0.0,418,347,1,0,0.0,0,
R04,44,S+C+P,17,final,13.19940133611044,0.8052781863805486,0.47549002475682056,0.21818181818181817,0.14173228346456693,0.04395604395604396,582,127,2,2,1.0,74,37.0
R04,44,S+C+P,18,final,13.19940133611044,0.5993255458211654,0.6228686632588327,0.0,0.0,0.0,243,141,1,0,0.0,0,
R04,44,S+C0,01,final,13.19940133611044,0.2289189189189189,0.5748305389462796,0.0,0.0,0.0,411,300,1,0,0.0,0,
R04,44,S+C0,03,final,13.19940133611044,0.7584469328140214,0.9431017027446571,0.0,0.0,0.0,381,316,1,0,0.0,0,
R04,44,S+C0,04,final,13.19940133611044,0.6881453341126047,0.4521605690419663,0.0,0.0,0.0,379,118,1,0,0.0,0,
R04,44,S+C0,06,final,13.19940133611044,0.5084350984314139,0.8391511704366033,0.0,0.0,0.0,505,413,1,0,0.0,0,
R04,44,S+C0,11,final,13.19940133611044,0.5965297752210503,0.31574049406030297,0.0,0.0,0.0,424,126,2,0,0.0,0,
R04,44,S+C0,13,final,13.19940133611044,0.9850786516853933,0.9963720444516843,0.0,0.0,0.0,464,375,1,0,0.0,0,
R04,44,S+C0,14,final,13.19940133611044,0.9926682692307692,0.9985068904981627,0.0,0.0,0.0,385,320,1,0,0.0,0,
R04,44,S+C0,15,final,13.19940133611044,0.9440993788819875,0.9892081920858994,0.0,0.0,0.0,376,322,1,0,0.0,0,
R04,44,S+C0,16,final,13.19940133611044,0.6061411697852823,0.873371055520334,0.0,0.0,0.0,418,347,1,0,0.0,0,
R04,44,S+C0,17,final,13.19940133611044,0.5513281993596955,0.2747168384126534,0.02857142857142857,0.015748031496062992,0.024175824175824177,582,127,2,1,0.5,0,0.0
R04,44,S+C0,18,final,13.19940133611044,0.4837644277569184,0.5253733443361638,0.0,0.0,0.0,243,141,1,0,0.0,0,
R04,44,S+C0+P,01,final,13.19940133611044,0.23130630630630633,0.5755794981185106,0.0,0.0,0.0,411,300,1,0,0.0,0,
R04,44,S+C0+P,03,final,13.19940133611044,0.7641674780915287,0.917150202995061,0.0,0.0,0.0,381,316,1,0,0.0,0,
R04,44,S+C0+P,04,final,13.19940133611044,0.586223131372167,0.3266630733381589,0.0,0.0,0.0,379,118,1,0,0.0,0,
R04,44,S+C0+P,06,final,13.19940133611044,0.7020870617959785,0.908810340437786,0.023923444976076555,0.012106537530266344,0.0,505,413,1,1,1.0,185,185.0
R04,44,S+C0+P,11,final,13.19940133611044,0.8495792052839033,0.6888967447146391,0.0,0.0,0.0,424,126,2,0,0.0,0,
R04,44,S+C0+P,13,final,13.19940133611044,0.9634456928838951,0.9887301284664212,0.125,0.06666666666666667,0.0,464,375,1,1,1.0,81,81.0
R04,44,S+C0+P,14,final,13.19940133611044,0.9180288461538462,0.9785034485751238,0.0,0.0,0.0,385,320,1,0,0.0,0,
R04,44,S+C0+P,15,final,13.19940133611044,0.8533758914193696,0.9672543301111894,0.03058103975535168,0.015527950310559006,0.0,376,322,1,1,1.0,120,120.0
R04,44,S+C0+P,16,final,13.19940133611044,0.6054105613508138,0.8732668782190265,0.0,0.0,0.0,418,347,1,0,0.0,0,
R04,44,S+C0+P,17,final,13.19940133611044,0.8052781863805486,0.4754900247568206,0.21818181818181817,0.14173228346456693,0.04395604395604396,582,127,2,2,1.0,74,37.0
R04,44,S+C0+P,18,final,13.19940133611044,0.5992560144625226,0.6228415071409823,0.0,0.0,0.0,243,141,1,0,0.0,0,
R04,44,C,01,final,1.1130086697626418,0.9806606606606607,0.9933242974347404,0.3146067415730337,0.18666666666666668,0.0,411,300,1,1,1.0,7,7.0
R04,44,C,03,final,1.1130086697626418,0.9371470301850049,0.9811008532019829,0.037267080745341616,0.0189873417721519,0.0,381,316,1,1,1.0,94,94.0
R04,44,C,04,final,1.1130086697626418,0.7253393077472564,0.4829350105334211,0.0,0.0,0.0038314176245210726,379,118,1,0,0.0,0,
R04,44,C,06,final,1.1130086697626418,0.9368354563638277,0.9827710082176926,0.03333333333333333,0.01694915254237288,0.0,505,413,1,1,1.0,184,184.0
R04,44,C,11,final,1.1130086697626418,0.7215564077980186,0.41173848242698496,0.0,0.0,0.0436241610738255,424,126,2,0,0.0,0,
R04,44,C,13,final,1.1130086697626418,0.9917003745318351,0.9978383683052898,0.4110169491525424,0.25866666666666666,0.0,464,375,1,1,1.0,3,3.0
R04,44,C,14,final,1.1130086697626418,0.9386538461538462,0.9816048771667754,0.06646525679758308,0.034375,0.0,385,320,1,1,1.0,5,5.0
R04,44,C,15,final,1.1130086697626418,0.9735449735449736,0.9958261276029186,0.41379310344827586,0.2608695652173913,0.0,376,322,1,1,1.0,34,34.0
R04,44,C,16,final,1.1130086697626418,0.9890002841255023,0.9977525631705313,0.5170940170940171,0.34870317002881845,0.0,418,347,1,1,1.0,9,9.0
R04,44,C,17,final,1.1130086697626418,0.8579562170113352,0.5128838753980276,0.0,0.0,0.017582417582417582,582,127,2,0,0.0,0,
R04,44,C,18,final,1.1130086697626418,0.7092893895146711,0.7615557952143163,0.041666666666666664,0.02127659574468085,0.0,243,141,1,1,1.0,120,120.0
R04,44,P,01,final,6.306275286948016,0.7964714714714715,0.9033256319055354,0.08888888888888889,0.04666666666666667,0.009009009009009009,411,300,1,1,1.0,77,77.0
R04,44,P,03,final,6.306275286948016,0.7293330087633885,0.9095918002464058,0.04923076923076923,0.02531645569620253,0.015384615384615385,381,316,1,1,1.0,94,94.0
R04,44,P,04,final,6.306275286948016,0.5839989609714917,0.32572002823622886,0.0,0.0,0.007662835249042145,379,118,1,0,0.0,0,
R04,44,P,06,final,6.306275286948016,0.6547268133487736,0.8884876992136609,0.09216589861751152,0.048426150121065374,0.010869565217391304,505,413,1,1,1.0,51,51.0
R04,44,P,11,final,6.306275286948016,0.8565436241610738,0.7111868513741484,0.0,0.0,0.003355704697986577,424,126,2,0,0.0,0,
R04,44,P,13,final,6.306275286948016,0.9583520599250936,0.9876010419377328,0.39316239316239315,0.24533333333333332,0.011235955056179775,464,375,1,1,1.0,10,10.0
R04,44,P,14,final,6.306275286948016,0.6778846153846153,0.8987129993046771,0.0,0.0,0.015384615384615385,385,320,1,0,0.0,0,
R04,44,P,15,final,6.306275286948016,0.7480733839429492,0.948236635228596,0.19553072625698323,0.10869565217391304,0.018518518518518517,376,322,1,1,1.0,34,34.0
R04,44,P,16,final,6.306275286948016,0.6475829037626334,0.8992177015659446,0.06128133704735376,0.03170028818443804,0.014084507042253521,418,347,1,1,1.0,51,51.0
R04,44,P,17,final,6.306275286948016,0.8603789910876525,0.5662170684126442,0.42342342342342343,0.3700787401574803,0.1054945054945055,582,127,2,2,1.0,52,26.0
R04,44,P,18,final,6.306275286948016,0.80819774718398,0.8437518795215455,0.13157894736842105,0.07092198581560284,0.00980392156862745,243,141,1,1,1.0,10,10.0
R04,44,S+C_no_conf,01,final,13.209203476209726,0.2573873873873874,0.5836485275233011,0.0,0.0,0.0,411,300,1,0,0.0,0,
R04,44,S+C_no_conf,03,final,13.209203476209726,0.8843719571567672,0.9737603442460201,0.0,0.0,0.0,381,316,1,0,0.0,0,
R04,44,S+C_no_conf,04,final,13.209203476209726,0.826108838236249,0.6018449271124271,0.0,0.0,0.0,379,118,1,0,0.0,0,
R04,44,S+C_no_conf,06,final,13.209203476209726,0.7870433729866302,0.9402434416617087,0.0,0.0,0.0,505,413,1,0,0.0,0,
R04,44,S+C_no_conf,11,final,13.209203476209726,0.6820469798657718,0.37840698940650375,0.0,0.0,0.0,424,126,2,0,0.0,0,
R04,44,S+C_no_conf,13,final,13.209203476209726,0.9999250936329588,0.9999787421161215,0.005319148936170213,0.0026666666666666666,0.0,464,375,1,1,1.0,73,73.0
R04,44,S+C_no_conf,14,final,13.209203476209726,0.9519951923076924,0.9877916718001738,0.0,0.0,0.0,385,320,1,0,0.0,0,
R04,44,S+C_no_conf,15,final,13.209203476209726,0.9841844950540604,0.9975131265655972,0.0,0.0,0.0,376,322,1,0,0.0,0,
R04,44,S+C_no_conf,16,final,13.209203476209726,0.6061817591427527,0.8734056828438006,0.0,0.0,0.0,418,347,1,0,0.0,0,
R04,44,S+C_no_conf,17,final,13.209203476209726,0.8221856883274206,0.4074816326665275,0.02857142857142857,0.015748031496062992,0.024175824175824177,582,127,2,1,0.5,0,0.0
R04,44,S+C_no_conf,18,final,13.209203476209726,0.6119802530941455,0.6243313857953714,0.0,0.0,0.0,243,141,1,0,0.0,0,
R04,44,S+alignment,01,final,13.19940133611044,0.23096096096096097,0.5755109989387421,0.0,0.0,0.0,411,300,1,0,0.0,0,
R04,44,S+alignment,03,final,13.19940133611044,0.8289678675754625,0.9582389745300597,0.0,0.0,0.0,381,316,1,0,0.0,0,
R04,44,S+alignment,04,final,13.19940133611044,0.6201052016364699,0.36082782430837884,0.0,0.0,0.0,379,118,1,0,0.0,0,
R04,44,S+alignment,06,final,13.19940133611044,0.6679255711127488,0.9077077400753547,0.0,0.0,0.0,505,413,1,0,0.0,0,
R04,44,S+alignment,11,final,13.19940133611044,0.7595211462661127,0.5279235999548707,0.0,0.0,0.0,424,126,2,0,0.0,0,
R04,44,S+alignment,13,final,13.19940133611044,0.9906966292134831,0.9974015885320991,0.0,0.0,0.0,464,375,1,0,0.0,0,
R04,44,S+alignment,14,final,13.19940133611044,0.9597596153846153,0.9899033260296085,0.0,0.0,0.0,385,320,1,0,0.0,0,
R04,44,S+alignment,15,final,13.19940133611044,0.9167816885208189,0.9804758261659285,0.0,0.0,0.0,376,322,1,0,0.0,0,
R04,44,S+alignment,16,final,13.19940133611044,0.6061411697852823,0.8733722410742177,0.0,0.0,0.0,418,347,1,0,0.0,0,
R04,44,S+alignment,17,final,13.19940133611044,0.792454789305183,0.37993102111152405,0.02857142857142857,0.015748031496062992,0.024175824175824177,582,127,2,1,0.5,0,0.0
R04,44,S+alignment,18,final,13.19940133611044,0.6096509525796134,0.6029428842897466,0.0,0.0,0.0,243,141,1,0,0.0,0,
R04,44,S+innovation,01,final,13.19940133611044,0.22944444444444445,0.5749539273856504,0.0,0.0,0.0,411,300,1,0,0.0,0,
R04,44,S+innovation,03,final,13.19940133611044,0.8407740993184031,0.9520924900464045,0.0,0.0,0.0,381,316,1,0,0.0,0,
R04,44,S+innovation,04,final,13.19940133611044,0.6342944347035522,0.3839020119762544,0.0,0.0,0.0,379,118,1,0,0.0,0,
R04,44,S+innovation,06,final,13.19940133611044,0.7530661122223393,0.9265742490740988,0.0,0.0,0.0,505,413,1,0,0.0,0,
R04,44,S+innovation,11,final,13.19940133611044,0.9336715670608288,0.8080425990955694,0.0,0.0,0.0,424,126,2,0,0.0,0,
R04,44,S+innovation,13,final,13.19940133611044,0.9822771535580525,0.9884666549804033,0.0,0.0,0.0,464,375,1,0,0.0,0,
R04,44,S+innovation,14,final,13.19940133611044,0.9638942307692308,0.9887581091460272,0.0,0.0,0.0,385,320,1,0,0.0,0,
R04,44,S+innovation,15,final,13.19940133611044,0.9523809523809523,0.97912109551667,0.0,0.0,0.0,376,322,1,0,0.0,0,
R04,44,S+innovation,16,final,13.19940133611044,0.6061411697852823,0.873371055520334,0.0,0.0,0.0,418,347,1,0,0.0,0,
R04,44,S+innovation,17,final,13.19940133611044,0.7423725880418793,0.3543331771510855,0.02857142857142857,0.015748031496062992,0.024175824175824177,582,127,2,1,0.5,0,0.0
R04,44,S+innovation,18,final,13.19940133611044,0.5490196078431372,0.5547112859653188,0.0,0.0,0.0,243,141,1,0,0.0,0,
R04,44,S+progress,01,final,13.19940133611044,0.22932432432432434,0.5749092961400264,0.0,0.0,0.0,411,300,1,0,0.0,0,
R04,44,S+progress,03,final,13.19940133611044,0.679016553067186,0.8961318548530741,0.0,0.0,0.0,381,316,1,0,0.0,0,
R04,44,S+progress,04,final,13.19940133611044,0.6320864991233197,0.36827203352941507,0.0,0.0,0.0,379,118,1,0,0.0,0,
R04,44,S+progress,06,final,13.19940133611044,0.5006184861564376,0.8506479277767665,0.023923444976076555,0.012106537530266344,0.0,505,413,1,1,1.0,185,185.0
R04,44,S+progress,11,final,13.19940133611044,0.5170448492596144,0.29647503996306496,0.0,0.0,0.0,424,126,2,0,0.0,0,
R04,44,S+progress,13,final,13.19940133611044,0.7903670411985019,0.9431723112726015,0.125,0.06666666666666667,0.0,464,375,1,1,1.0,81,81.0
R04,44,S+progress,14,final,13.19940133611044,0.9579326923076923,0.9912032461691309,0.0,0.0,0.0,385,320,1,0,0.0,0,
R04,44,S+progress,15,final,13.19940133611044,0.7674545663676098,0.9527526618926003,0.03058103975535168,0.015527950310559006,0.0,376,322,1,1,1.0,120,120.0
R04,44,S+progress,16,final,13.19940133611044,0.6054105613508138,0.873265681537791,0.0,0.0,0.0,418,347,1,0,0.0,0,
R04,44,S+progress,17,final,13.19940133611044,0.7662888292809553,0.4569823378832014,0.21818181818181817,0.14173228346456693,0.04395604395604396,582,127,2,2,1.0,74,37.0
R04,44,S+progress,18,final,13.19940133611044,0.49381170908079547,0.5529896749603913,0.0,0.0,0.0,243,141,1,0,0.0,0,
